#rname,startpos,endpos,numreads,covbases,coverage,meandepth,meanbaseq,meanmapq
HiC_scaffold_1041,1,204320498,24,1530,0.000748824,7.48824e-06,36.4,40.1
HiC_scaffold_1019,1,120048128,19,916,0.000763027,8.44661e-06,36,34.7
HiC_scaffold_1030,1,81925862,19,936,0.0011425,1.51234e-05,35.4,39.7
HiC_scaffold_335,1,103956665,16,797,0.000766666,8.43621e-06,36.3,38.8
HiC_scaffold_1074,1,236522690,16,1070,0.000452388,4.52388e-06,36.5,29.3
HiC_scaffold_1052,1,140266149,14,780,0.000556086,5.95297e-06,36.1,40
HiC_scaffold_890,1,117605671,13,510,0.000433653,4.94024e-06,35.5,40.8
HiC_scaffold_974,1,85376751,12,651,0.000762503,9.27653e-06,35.7,31.5
HiC_scaffold_1,1,172816570,11,590,0.000341402,3.41402e-06,36.5,31.4
HiC_scaffold_997,1,107865574,11,664,0.000615581,7.31466e-06,36.5,37.3
HiC_scaffold_1063,1,189218959,11,618,0.000326606,3.26606e-06,36.6,37.5
HiC_scaffold_779,1,73814345,10,632,0.000856202,8.56202e-06,36.5,32.6
HiC_scaffold_1008,1,112947750,10,480,0.000424975,4.24975e-06,36.7,29.5
HiC_scaffold_446,1,80807051,9,580,0.000717759,7.17759e-06,36.6,37.4
HiC_scaffold_1096,1,162321271,9,459,0.000282773,3.20352e-06,35.6,32.8
HiC_scaffold_985,1,231962332,8,427,0.000184082,1.84082e-06,36.2,40
HiC_scaffold_1207,1,132401234,8,497,0.000375374,3.75374e-06,35.1,33.9
HiC_scaffold_1429,1,92050346,8,501,0.000544267,5.44267e-06,36.3,40.1
HiC_scaffold_224,1,78257078,7,461,0.000589084,5.89084e-06,36,33.1
HiC_scaffold_668,1,78617399,6,277,0.000352339,3.52339e-06,35.6,37.3
HiC_scaffold_1540,1,75822538,6,375,0.000494576,4.94576e-06,36.9,35
HiC_scaffold_1651,1,84380809,6,384,0.00045508,4.5508e-06,36.6,42
HiC_scaffold_557,1,63852243,4,184,0.000288165,2.88165e-06,36.8,21.5
HiC_scaffold_1318,1,92348816,3,191,0.000206825,2.06825e-06,36.4,21
HiC_scaffold_986,1,76250348,2,86,0.000112786,1.12786e-06,36.6,27
HiC_scaffold_113,1,64425054,1,62,9.62359e-05,9.62359e-07,37,42
HiC_scaffold_274,1,5542,1,48,0.866113,0.00866113,37,42
HiC_scaffold_593,1,33883,1,55,0.162323,0.00162323,37,1
HiC_scaffold_638,1,285867,1,71,0.0248367,0.000248367,36.5,1
HiC_scaffold_655,1,127883,1,32,0.0250229,0.000250229,36.2,42
HiC_scaffold_663,1,72272,1,78,0.107926,0.00107926,36.8,24
HiC_scaffold_687,1,441185,1,44,0.00997314,9.97314e-05,37,1
HiC_scaffold_755,1,65651,1,47,0.0715907,0.000715907,37,42
HiC_scaffold_772,1,91503,1,57,0.062293,0.00062293,36.8,42
HiC_scaffold_804,1,30365,1,61,0.200889,0.00200889,36.6,0
HiC_scaffold_812,1,18764,1,42,0.223833,0.00223833,37,1
HiC_scaffold_829,1,64357,1,45,0.0699225,0.000699225,35.6,16
HiC_scaffold_842,1,81478,1,42,0.0515477,0.000515477,37,30
HiC_scaffold_855,1,434499,1,69,0.0158804,0.000158804,36.7,31
HiC_scaffold_983,1,11487,1,57,0.496213,0.00496213,37,37
HiC_scaffold_1062,1,10522,1,43,0.408668,0.00408668,36.7,34
HiC_scaffold_1097,1,58035,1,41,0.070647,0.00070647,36.4,42
HiC_scaffold_1121,1,9740,1,44,0.451745,0.00451745,37,42
HiC_scaffold_1361,1,8246,1,91,1.10357,0.0110357,36.7,42
HiC_scaffold_1762,1,47231790,1,132,0.000279473,2.79473e-06,33.7,40
HiC_scaffold_2,1,29602125,0,0,0,0,0,0
HiC_scaffold_3,1,13380,0,0,0,0,0,0
HiC_scaffold_4,1,6258,0,0,0,0,0,0
HiC_scaffold_5,1,6250,0,0,0,0,0,0
HiC_scaffold_6,1,6241,0,0,0,0,0,0
HiC_scaffold_7,1,6229,0,0,0,0,0,0
HiC_scaffold_8,1,6232,0,0,0,0,0,0
HiC_scaffold_9,1,6239,0,0,0,0,0,0
HiC_scaffold_10,1,6231,0,0,0,0,0,0
HiC_scaffold_11,1,6236,0,0,0,0,0,0
HiC_scaffold_12,1,6216,0,0,0,0,0,0
HiC_scaffold_13,1,6181,0,0,0,0,0,0
HiC_scaffold_14,1,13359,0,0,0,0,0,0
HiC_scaffold_15,1,6063,0,0,0,0,0,0
HiC_scaffold_16,1,6204,0,0,0,0,0,0
HiC_scaffold_17,1,6209,0,0,0,0,0,0
HiC_scaffold_18,1,6193,0,0,0,0,0,0
HiC_scaffold_19,1,6141,0,0,0,0,0,0
HiC_scaffold_20,1,6187,0,0,0,0,0,0
HiC_scaffold_21,1,6188,0,0,0,0,0,0
HiC_scaffold_22,1,6188,0,0,0,0,0,0
HiC_scaffold_23,1,6184,0,0,0,0,0,0
HiC_scaffold_24,1,6184,0,0,0,0,0,0
HiC_scaffold_25,1,13339,0,0,0,0,0,0
HiC_scaffold_26,1,6138,0,0,0,0,0,0
HiC_scaffold_27,1,6165,0,0,0,0,0,0
HiC_scaffold_28,1,6143,0,0,0,0,0,0
HiC_scaffold_29,1,6157,0,0,0,0,0,0
HiC_scaffold_30,1,6157,0,0,0,0,0,0
HiC_scaffold_31,1,6142,0,0,0,0,0,0
HiC_scaffold_32,1,6012,0,0,0,0,0,0
HiC_scaffold_33,1,6143,0,0,0,0,0,0
HiC_scaffold_34,1,6140,0,0,0,0,0,0
HiC_scaffold_35,1,6054,0,0,0,0,0,0
HiC_scaffold_36,1,13256,0,0,0,0,0,0
HiC_scaffold_37,1,6095,0,0,0,0,0,0
HiC_scaffold_38,1,6104,0,0,0,0,0,0
HiC_scaffold_39,1,6112,0,0,0,0,0,0
HiC_scaffold_40,1,6090,0,0,0,0,0,0
HiC_scaffold_41,1,6100,0,0,0,0,0,0
HiC_scaffold_42,1,5619,0,0,0,0,0,0
HiC_scaffold_43,1,6108,0,0,0,0,0,0
HiC_scaffold_44,1,6090,0,0,0,0,0,0
HiC_scaffold_45,1,6088,0,0,0,0,0,0
HiC_scaffold_46,1,6084,0,0,0,0,0,0
HiC_scaffold_47,1,13196,0,0,0,0,0,0
HiC_scaffold_48,1,6073,0,0,0,0,0,0
HiC_scaffold_49,1,6066,0,0,0,0,0,0
HiC_scaffold_50,1,6057,0,0,0,0,0,0
HiC_scaffold_51,1,6044,0,0,0,0,0,0
HiC_scaffold_52,1,6047,0,0,0,0,0,0
HiC_scaffold_53,1,6070,0,0,0,0,0,0
HiC_scaffold_54,1,6052,0,0,0,0,0,0
HiC_scaffold_55,1,5946,0,0,0,0,0,0
HiC_scaffold_56,1,5906,0,0,0,0,0,0
HiC_scaffold_57,1,6044,0,0,0,0,0,0
HiC_scaffold_58,1,13217,0,0,0,0,0,0
HiC_scaffold_59,1,6044,0,0,0,0,0,0
HiC_scaffold_60,1,5860,0,0,0,0,0,0
HiC_scaffold_61,1,6042,0,0,0,0,0,0
HiC_scaffold_62,1,6016,0,0,0,0,0,0
HiC_scaffold_63,1,5918,0,0,0,0,0,0
HiC_scaffold_64,1,6009,0,0,0,0,0,0
HiC_scaffold_65,1,6025,0,0,0,0,0,0
HiC_scaffold_66,1,6012,0,0,0,0,0,0
HiC_scaffold_67,1,6022,0,0,0,0,0,0
HiC_scaffold_68,1,5941,0,0,0,0,0,0
HiC_scaffold_69,1,13102,0,0,0,0,0,0
HiC_scaffold_70,1,6011,0,0,0,0,0,0
HiC_scaffold_71,1,5947,0,0,0,0,0,0
HiC_scaffold_72,1,6010,0,0,0,0,0,0
HiC_scaffold_73,1,5999,0,0,0,0,0,0
HiC_scaffold_74,1,5987,0,0,0,0,0,0
HiC_scaffold_75,1,5886,0,0,0,0,0,0
HiC_scaffold_76,1,5889,0,0,0,0,0,0
HiC_scaffold_77,1,5990,0,0,0,0,0,0
HiC_scaffold_78,1,5925,0,0,0,0,0,0
HiC_scaffold_79,1,5964,0,0,0,0,0,0
HiC_scaffold_80,1,13164,0,0,0,0,0,0
HiC_scaffold_81,1,5966,0,0,0,0,0,0
HiC_scaffold_82,1,5934,0,0,0,0,0,0
HiC_scaffold_83,1,5830,0,0,0,0,0,0
HiC_scaffold_84,1,5963,0,0,0,0,0,0
HiC_scaffold_85,1,5956,0,0,0,0,0,0
HiC_scaffold_86,1,5925,0,0,0,0,0,0
HiC_scaffold_87,1,5937,0,0,0,0,0,0
HiC_scaffold_88,1,5849,0,0,0,0,0,0
HiC_scaffold_89,1,5904,0,0,0,0,0,0
HiC_scaffold_90,1,5959,0,0,0,0,0,0
HiC_scaffold_91,1,13059,0,0,0,0,0,0
HiC_scaffold_92,1,5949,0,0,0,0,0,0
HiC_scaffold_93,1,5894,0,0,0,0,0,0
HiC_scaffold_94,1,5949,0,0,0,0,0,0
HiC_scaffold_95,1,5847,0,0,0,0,0,0
HiC_scaffold_96,1,5952,0,0,0,0,0,0
HiC_scaffold_97,1,5951,0,0,0,0,0,0
HiC_scaffold_98,1,5935,0,0,0,0,0,0
HiC_scaffold_99,1,5928,0,0,0,0,0,0
HiC_scaffold_100,1,5942,0,0,0,0,0,0
HiC_scaffold_101,1,5950,0,0,0,0,0,0
HiC_scaffold_102,1,13126,0,0,0,0,0,0
HiC_scaffold_103,1,5931,0,0,0,0,0,0
HiC_scaffold_104,1,5901,0,0,0,0,0,0
HiC_scaffold_105,1,5907,0,0,0,0,0,0
HiC_scaffold_106,1,5925,0,0,0,0,0,0
HiC_scaffold_107,1,5918,0,0,0,0,0,0
HiC_scaffold_108,1,5887,0,0,0,0,0,0
HiC_scaffold_109,1,5889,0,0,0,0,0,0
HiC_scaffold_110,1,5913,0,0,0,0,0,0
HiC_scaffold_111,1,5846,0,0,0,0,0,0
HiC_scaffold_112,1,5903,0,0,0,0,0,0
HiC_scaffold_114,1,13119,0,0,0,0,0,0
HiC_scaffold_115,1,5911,0,0,0,0,0,0
HiC_scaffold_116,1,5902,0,0,0,0,0,0
HiC_scaffold_117,1,5897,0,0,0,0,0,0
HiC_scaffold_118,1,5901,0,0,0,0,0,0
HiC_scaffold_119,1,5892,0,0,0,0,0,0
HiC_scaffold_120,1,5884,0,0,0,0,0,0
HiC_scaffold_121,1,5827,0,0,0,0,0,0
HiC_scaffold_122,1,5901,0,0,0,0,0,0
HiC_scaffold_123,1,5875,0,0,0,0,0,0
HiC_scaffold_124,1,5880,0,0,0,0,0,0
HiC_scaffold_125,1,13107,0,0,0,0,0,0
HiC_scaffold_126,1,5890,0,0,0,0,0,0
HiC_scaffold_127,1,5739,0,0,0,0,0,0
HiC_scaffold_128,1,5807,0,0,0,0,0,0
HiC_scaffold_129,1,5847,0,0,0,0,0,0
HiC_scaffold_130,1,5602,0,0,0,0,0,0
HiC_scaffold_131,1,5856,0,0,0,0,0,0
HiC_scaffold_132,1,5794,0,0,0,0,0,0
HiC_scaffold_133,1,5853,0,0,0,0,0,0
HiC_scaffold_134,1,5855,0,0,0,0,0,0
HiC_scaffold_135,1,5846,0,0,0,0,0,0
HiC_scaffold_136,1,13051,0,0,0,0,0,0
HiC_scaffold_137,1,5839,0,0,0,0,0,0
HiC_scaffold_138,1,5827,0,0,0,0,0,0
HiC_scaffold_139,1,5844,0,0,0,0,0,0
HiC_scaffold_140,1,5849,0,0,0,0,0,0
HiC_scaffold_141,1,5834,0,0,0,0,0,0
HiC_scaffold_142,1,5812,0,0,0,0,0,0
HiC_scaffold_143,1,5825,0,0,0,0,0,0
HiC_scaffold_144,1,5823,0,0,0,0,0,0
HiC_scaffold_145,1,5704,0,0,0,0,0,0
HiC_scaffold_146,1,5789,0,0,0,0,0,0
HiC_scaffold_147,1,13000,0,0,0,0,0,0
HiC_scaffold_148,1,5740,0,0,0,0,0,0
HiC_scaffold_149,1,5727,0,0,0,0,0,0
HiC_scaffold_150,1,5814,0,0,0,0,0,0
HiC_scaffold_151,1,5760,0,0,0,0,0,0
HiC_scaffold_152,1,5770,0,0,0,0,0,0
HiC_scaffold_153,1,5789,0,0,0,0,0,0
HiC_scaffold_154,1,5804,0,0,0,0,0,0
HiC_scaffold_155,1,5801,0,0,0,0,0,0
HiC_scaffold_156,1,5797,0,0,0,0,0,0
HiC_scaffold_157,1,5776,0,0,0,0,0,0
HiC_scaffold_158,1,12898,0,0,0,0,0,0
HiC_scaffold_159,1,5754,0,0,0,0,0,0
HiC_scaffold_160,1,5789,0,0,0,0,0,0
HiC_scaffold_161,1,5791,0,0,0,0,0,0
HiC_scaffold_162,1,5759,0,0,0,0,0,0
HiC_scaffold_163,1,5711,0,0,0,0,0,0
HiC_scaffold_164,1,5671,0,0,0,0,0,0
HiC_scaffold_165,1,5782,0,0,0,0,0,0
HiC_scaffold_166,1,5773,0,0,0,0,0,0
HiC_scaffold_167,1,5779,0,0,0,0,0,0
HiC_scaffold_168,1,5681,0,0,0,0,0,0
HiC_scaffold_169,1,12951,0,0,0,0,0,0
HiC_scaffold_170,1,5758,0,0,0,0,0,0
HiC_scaffold_171,1,5746,0,0,0,0,0,0
HiC_scaffold_172,1,5602,0,0,0,0,0,0
HiC_scaffold_173,1,5759,0,0,0,0,0,0
HiC_scaffold_174,1,5760,0,0,0,0,0,0
HiC_scaffold_175,1,5765,0,0,0,0,0,0
HiC_scaffold_176,1,5759,0,0,0,0,0,0
HiC_scaffold_177,1,5723,0,0,0,0,0,0
HiC_scaffold_178,1,5696,0,0,0,0,0,0
HiC_scaffold_179,1,5740,0,0,0,0,0,0
HiC_scaffold_180,1,12859,0,0,0,0,0,0
HiC_scaffold_181,1,5749,0,0,0,0,0,0
HiC_scaffold_182,1,5743,0,0,0,0,0,0
HiC_scaffold_183,1,5715,0,0,0,0,0,0
HiC_scaffold_184,1,5758,0,0,0,0,0,0
HiC_scaffold_185,1,5708,0,0,0,0,0,0
HiC_scaffold_186,1,5741,0,0,0,0,0,0
HiC_scaffold_187,1,5734,0,0,0,0,0,0
HiC_scaffold_188,1,5733,0,0,0,0,0,0
HiC_scaffold_189,1,5279,0,0,0,0,0,0
HiC_scaffold_190,1,5727,0,0,0,0,0,0
HiC_scaffold_191,1,12921,0,0,0,0,0,0
HiC_scaffold_192,1,5710,0,0,0,0,0,0
HiC_scaffold_193,1,5713,0,0,0,0,0,0
HiC_scaffold_194,1,5729,0,0,0,0,0,0
HiC_scaffold_195,1,5715,0,0,0,0,0,0
HiC_scaffold_196,1,5724,0,0,0,0,0,0
HiC_scaffold_197,1,5699,0,0,0,0,0,0
HiC_scaffold_198,1,5718,0,0,0,0,0,0
HiC_scaffold_199,1,5685,0,0,0,0,0,0
HiC_scaffold_200,1,5714,0,0,0,0,0,0
HiC_scaffold_201,1,5690,0,0,0,0,0,0
HiC_scaffold_202,1,12914,0,0,0,0,0,0
HiC_scaffold_203,1,5708,0,0,0,0,0,0
HiC_scaffold_204,1,5686,0,0,0,0,0,0
HiC_scaffold_205,1,5662,0,0,0,0,0,0
HiC_scaffold_206,1,5698,0,0,0,0,0,0
HiC_scaffold_207,1,5681,0,0,0,0,0,0
HiC_scaffold_208,1,5697,0,0,0,0,0,0
HiC_scaffold_209,1,5651,0,0,0,0,0,0
HiC_scaffold_210,1,5682,0,0,0,0,0,0
HiC_scaffold_211,1,5694,0,0,0,0,0,0
HiC_scaffold_212,1,5328,0,0,0,0,0,0
HiC_scaffold_213,1,12905,0,0,0,0,0,0
HiC_scaffold_214,1,5663,0,0,0,0,0,0
HiC_scaffold_215,1,5666,0,0,0,0,0,0
HiC_scaffold_216,1,5661,0,0,0,0,0,0
HiC_scaffold_217,1,5616,0,0,0,0,0,0
HiC_scaffold_218,1,5621,0,0,0,0,0,0
HiC_scaffold_219,1,5585,0,0,0,0,0,0
HiC_scaffold_220,1,5623,0,0,0,0,0,0
HiC_scaffold_221,1,5651,0,0,0,0,0,0
HiC_scaffold_222,1,5614,0,0,0,0,0,0
HiC_scaffold_223,1,5643,0,0,0,0,0,0
HiC_scaffold_225,1,12876,0,0,0,0,0,0
HiC_scaffold_226,1,5639,0,0,0,0,0,0
HiC_scaffold_227,1,5632,0,0,0,0,0,0
HiC_scaffold_228,1,5290,0,0,0,0,0,0
HiC_scaffold_229,1,5637,0,0,0,0,0,0
HiC_scaffold_230,1,5479,0,0,0,0,0,0
HiC_scaffold_231,1,5625,0,0,0,0,0,0
HiC_scaffold_232,1,5616,0,0,0,0,0,0
HiC_scaffold_233,1,5634,0,0,0,0,0,0
HiC_scaffold_234,1,5626,0,0,0,0,0,0
HiC_scaffold_235,1,5631,0,0,0,0,0,0
HiC_scaffold_236,1,12899,0,0,0,0,0,0
HiC_scaffold_237,1,5634,0,0,0,0,0,0
HiC_scaffold_238,1,5540,0,0,0,0,0,0
HiC_scaffold_239,1,5552,0,0,0,0,0,0
HiC_scaffold_240,1,5600,0,0,0,0,0,0
HiC_scaffold_241,1,5603,0,0,0,0,0,0
HiC_scaffold_242,1,5585,0,0,0,0,0,0
HiC_scaffold_243,1,5603,0,0,0,0,0,0
HiC_scaffold_244,1,5515,0,0,0,0,0,0
HiC_scaffold_245,1,5599,0,0,0,0,0,0
HiC_scaffold_246,1,5597,0,0,0,0,0,0
HiC_scaffold_247,1,12879,0,0,0,0,0,0
HiC_scaffold_248,1,5504,0,0,0,0,0,0
HiC_scaffold_249,1,5571,0,0,0,0,0,0
HiC_scaffold_250,1,5570,0,0,0,0,0,0
HiC_scaffold_251,1,5568,0,0,0,0,0,0
HiC_scaffold_252,1,5564,0,0,0,0,0,0
HiC_scaffold_253,1,5589,0,0,0,0,0,0
HiC_scaffold_254,1,5561,0,0,0,0,0,0
HiC_scaffold_255,1,5566,0,0,0,0,0,0
HiC_scaffold_256,1,5580,0,0,0,0,0,0
HiC_scaffold_257,1,5572,0,0,0,0,0,0
HiC_scaffold_258,1,12854,0,0,0,0,0,0
HiC_scaffold_259,1,5438,0,0,0,0,0,0
HiC_scaffold_260,1,5563,0,0,0,0,0,0
HiC_scaffold_261,1,5523,0,0,0,0,0,0
HiC_scaffold_262,1,5564,0,0,0,0,0,0
HiC_scaffold_263,1,5559,0,0,0,0,0,0
HiC_scaffold_264,1,5551,0,0,0,0,0,0
HiC_scaffold_265,1,5274,0,0,0,0,0,0
HiC_scaffold_266,1,5526,0,0,0,0,0,0
HiC_scaffold_267,1,5537,0,0,0,0,0,0
HiC_scaffold_268,1,5547,0,0,0,0,0,0
HiC_scaffold_269,1,12834,0,0,0,0,0,0
HiC_scaffold_270,1,5527,0,0,0,0,0,0
HiC_scaffold_271,1,5540,0,0,0,0,0,0
HiC_scaffold_272,1,5541,0,0,0,0,0,0
HiC_scaffold_273,1,5515,0,0,0,0,0,0
HiC_scaffold_275,1,5515,0,0,0,0,0,0
HiC_scaffold_276,1,5524,0,0,0,0,0,0
HiC_scaffold_277,1,5536,0,0,0,0,0,0
HiC_scaffold_278,1,5529,0,0,0,0,0,0
HiC_scaffold_279,1,5494,0,0,0,0,0,0
HiC_scaffold_280,1,12862,0,0,0,0,0,0
HiC_scaffold_281,1,5523,0,0,0,0,0,0
HiC_scaffold_282,1,5517,0,0,0,0,0,0
HiC_scaffold_283,1,5506,0,0,0,0,0,0
HiC_scaffold_284,1,5511,0,0,0,0,0,0
HiC_scaffold_285,1,5512,0,0,0,0,0,0
HiC_scaffold_286,1,5489,0,0,0,0,0,0
HiC_scaffold_287,1,5472,0,0,0,0,0,0
HiC_scaffold_288,1,5475,0,0,0,0,0,0
HiC_scaffold_289,1,5459,0,0,0,0,0,0
HiC_scaffold_290,1,5489,0,0,0,0,0,0
HiC_scaffold_291,1,12799,0,0,0,0,0,0
HiC_scaffold_292,1,5482,0,0,0,0,0,0
HiC_scaffold_293,1,5442,0,0,0,0,0,0
HiC_scaffold_294,1,5473,0,0,0,0,0,0
HiC_scaffold_295,1,5471,0,0,0,0,0,0
HiC_scaffold_296,1,5475,0,0,0,0,0,0
HiC_scaffold_297,1,5449,0,0,0,0,0,0
HiC_scaffold_298,1,5448,0,0,0,0,0,0
HiC_scaffold_299,1,5471,0,0,0,0,0,0
HiC_scaffold_300,1,5393,0,0,0,0,0,0
HiC_scaffold_301,1,5421,0,0,0,0,0,0
HiC_scaffold_302,1,12759,0,0,0,0,0,0
HiC_scaffold_303,1,5469,0,0,0,0,0,0
HiC_scaffold_304,1,5467,0,0,0,0,0,0
HiC_scaffold_305,1,5465,0,0,0,0,0,0
HiC_scaffold_306,1,5468,0,0,0,0,0,0
HiC_scaffold_307,1,5439,0,0,0,0,0,0
HiC_scaffold_308,1,5136,0,0,0,0,0,0
HiC_scaffold_309,1,5462,0,0,0,0,0,0
HiC_scaffold_310,1,5447,0,0,0,0,0,0
HiC_scaffold_311,1,4958,0,0,0,0,0,0
HiC_scaffold_312,1,5426,0,0,0,0,0,0
HiC_scaffold_313,1,12773,0,0,0,0,0,0
HiC_scaffold_314,1,5428,0,0,0,0,0,0
HiC_scaffold_315,1,5394,0,0,0,0,0,0
HiC_scaffold_316,1,5444,0,0,0,0,0,0
HiC_scaffold_317,1,5447,0,0,0,0,0,0
HiC_scaffold_318,1,5442,0,0,0,0,0,0
HiC_scaffold_319,1,5438,0,0,0,0,0,0
HiC_scaffold_320,1,5426,0,0,0,0,0,0
HiC_scaffold_321,1,5080,0,0,0,0,0,0
HiC_scaffold_322,1,5421,0,0,0,0,0,0
HiC_scaffold_323,1,5422,0,0,0,0,0,0
HiC_scaffold_324,1,12769,0,0,0,0,0,0
HiC_scaffold_325,1,5424,0,0,0,0,0,0
HiC_scaffold_326,1,5384,0,0,0,0,0,0
HiC_scaffold_327,1,5394,0,0,0,0,0,0
HiC_scaffold_328,1,5410,0,0,0,0,0,0
HiC_scaffold_329,1,5402,0,0,0,0,0,0
HiC_scaffold_330,1,5410,0,0,0,0,0,0
HiC_scaffold_331,1,5387,0,0,0,0,0,0
HiC_scaffold_332,1,5404,0,0,0,0,0,0
HiC_scaffold_333,1,5368,0,0,0,0,0,0
HiC_scaffold_334,1,5396,0,0,0,0,0,0
HiC_scaffold_336,1,12774,0,0,0,0,0,0
HiC_scaffold_337,1,5396,0,0,0,0,0,0
HiC_scaffold_338,1,5308,0,0,0,0,0,0
HiC_scaffold_339,1,5391,0,0,0,0,0,0
HiC_scaffold_340,1,5390,0,0,0,0,0,0
HiC_scaffold_341,1,5323,0,0,0,0,0,0
HiC_scaffold_342,1,5364,0,0,0,0,0,0
HiC_scaffold_343,1,5373,0,0,0,0,0,0
HiC_scaffold_344,1,5374,0,0,0,0,0,0
HiC_scaffold_345,1,5361,0,0,0,0,0,0
HiC_scaffold_346,1,5372,0,0,0,0,0,0
HiC_scaffold_347,1,12741,0,0,0,0,0,0
HiC_scaffold_348,1,5361,0,0,0,0,0,0
HiC_scaffold_349,1,5366,0,0,0,0,0,0
HiC_scaffold_350,1,5313,0,0,0,0,0,0
HiC_scaffold_351,1,5305,0,0,0,0,0,0
HiC_scaffold_352,1,5380,0,0,0,0,0,0
HiC_scaffold_353,1,5355,0,0,0,0,0,0
HiC_scaffold_354,1,5352,0,0,0,0,0,0
HiC_scaffold_355,1,5361,0,0,0,0,0,0
HiC_scaffold_356,1,5320,0,0,0,0,0,0
HiC_scaffold_357,1,5343,0,0,0,0,0,0
HiC_scaffold_358,1,12726,0,0,0,0,0,0
HiC_scaffold_359,1,5337,0,0,0,0,0,0
HiC_scaffold_360,1,5334,0,0,0,0,0,0
HiC_scaffold_361,1,5303,0,0,0,0,0,0
HiC_scaffold_362,1,5319,0,0,0,0,0,0
HiC_scaffold_363,1,5322,0,0,0,0,0,0
HiC_scaffold_364,1,5298,0,0,0,0,0,0
HiC_scaffold_365,1,5320,0,0,0,0,0,0
HiC_scaffold_366,1,5313,0,0,0,0,0,0
HiC_scaffold_367,1,5312,0,0,0,0,0,0
HiC_scaffold_368,1,5218,0,0,0,0,0,0
HiC_scaffold_369,1,12562,0,0,0,0,0,0
HiC_scaffold_370,1,5300,0,0,0,0,0,0
HiC_scaffold_371,1,5302,0,0,0,0,0,0
HiC_scaffold_372,1,5305,0,0,0,0,0,0
HiC_scaffold_373,1,5303,0,0,0,0,0,0
HiC_scaffold_374,1,5305,0,0,0,0,0,0
HiC_scaffold_375,1,5261,0,0,0,0,0,0
HiC_scaffold_376,1,5300,0,0,0,0,0,0
HiC_scaffold_377,1,5280,0,0,0,0,0,0
HiC_scaffold_378,1,5295,0,0,0,0,0,0
HiC_scaffold_379,1,5284,0,0,0,0,0,0
HiC_scaffold_380,1,12693,0,0,0,0,0,0
HiC_scaffold_381,1,5293,0,0,0,0,0,0
HiC_scaffold_382,1,5264,0,0,0,0,0,0
HiC_scaffold_383,1,5277,0,0,0,0,0,0
HiC_scaffold_384,1,5283,0,0,0,0,0,0
HiC_scaffold_385,1,5272,0,0,0,0,0,0
HiC_scaffold_386,1,5275,0,0,0,0,0,0
HiC_scaffold_387,1,5238,0,0,0,0,0,0
HiC_scaffold_388,1,5264,0,0,0,0,0,0
HiC_scaffold_389,1,5264,0,0,0,0,0,0
HiC_scaffold_390,1,5263,0,0,0,0,0,0
HiC_scaffold_391,1,12698,0,0,0,0,0,0
HiC_scaffold_392,1,5263,0,0,0,0,0,0
HiC_scaffold_393,1,5260,0,0,0,0,0,0
HiC_scaffold_394,1,5258,0,0,0,0,0,0
HiC_scaffold_395,1,5251,0,0,0,0,0,0
HiC_scaffold_396,1,5246,0,0,0,0,0,0
HiC_scaffold_397,1,5237,0,0,0,0,0,0
HiC_scaffold_398,1,5238,0,0,0,0,0,0
HiC_scaffold_399,1,5236,0,0,0,0,0,0
HiC_scaffold_400,1,5164,0,0,0,0,0,0
HiC_scaffold_401,1,5201,0,0,0,0,0,0
HiC_scaffold_402,1,12667,0,0,0,0,0,0
HiC_scaffold_403,1,5166,0,0,0,0,0,0
HiC_scaffold_404,1,5213,0,0,0,0,0,0
HiC_scaffold_405,1,5221,0,0,0,0,0,0
HiC_scaffold_406,1,5162,0,0,0,0,0,0
HiC_scaffold_407,1,5214,0,0,0,0,0,0
HiC_scaffold_408,1,5211,0,0,0,0,0,0
HiC_scaffold_409,1,5163,0,0,0,0,0,0
HiC_scaffold_410,1,5157,0,0,0,0,0,0
HiC_scaffold_411,1,5202,0,0,0,0,0,0
HiC_scaffold_412,1,5181,0,0,0,0,0,0
HiC_scaffold_413,1,12680,0,0,0,0,0,0
HiC_scaffold_414,1,5188,0,0,0,0,0,0
HiC_scaffold_415,1,5168,0,0,0,0,0,0
HiC_scaffold_416,1,5195,0,0,0,0,0,0
HiC_scaffold_417,1,5192,0,0,0,0,0,0
HiC_scaffold_418,1,5042,0,0,0,0,0,0
HiC_scaffold_419,1,5183,0,0,0,0,0,0
HiC_scaffold_420,1,5043,0,0,0,0,0,0
HiC_scaffold_421,1,5181,0,0,0,0,0,0
HiC_scaffold_422,1,5150,0,0,0,0,0,0
HiC_scaffold_423,1,4974,0,0,0,0,0,0
HiC_scaffold_424,1,12661,0,0,0,0,0,0
HiC_scaffold_425,1,5175,0,0,0,0,0,0
HiC_scaffold_426,1,5172,0,0,0,0,0,0
HiC_scaffold_427,1,5163,0,0,0,0,0,0
HiC_scaffold_428,1,5161,0,0,0,0,0,0
HiC_scaffold_429,1,5133,0,0,0,0,0,0
HiC_scaffold_430,1,5128,0,0,0,0,0,0
HiC_scaffold_431,1,5172,0,0,0,0,0,0
HiC_scaffold_432,1,5156,0,0,0,0,0,0
HiC_scaffold_433,1,5151,0,0,0,0,0,0
HiC_scaffold_434,1,5148,0,0,0,0,0,0
HiC_scaffold_435,1,12630,0,0,0,0,0,0
HiC_scaffold_436,1,5149,0,0,0,0,0,0
HiC_scaffold_437,1,5078,0,0,0,0,0,0
HiC_scaffold_438,1,5105,0,0,0,0,0,0
HiC_scaffold_439,1,5142,0,0,0,0,0,0
HiC_scaffold_440,1,4844,0,0,0,0,0,0
HiC_scaffold_441,1,5137,0,0,0,0,0,0
HiC_scaffold_442,1,5136,0,0,0,0,0,0
HiC_scaffold_443,1,5025,0,0,0,0,0,0
HiC_scaffold_444,1,5141,0,0,0,0,0,0
HiC_scaffold_445,1,5134,0,0,0,0,0,0
HiC_scaffold_447,1,12648,0,0,0,0,0,0
HiC_scaffold_448,1,5108,0,0,0,0,0,0
HiC_scaffold_449,1,5126,0,0,0,0,0,0
HiC_scaffold_450,1,5105,0,0,0,0,0,0
HiC_scaffold_451,1,4991,0,0,0,0,0,0
HiC_scaffold_452,1,5092,0,0,0,0,0,0
HiC_scaffold_453,1,5120,0,0,0,0,0,0
HiC_scaffold_454,1,5108,0,0,0,0,0,0
HiC_scaffold_455,1,5117,0,0,0,0,0,0
HiC_scaffold_456,1,5111,0,0,0,0,0,0
HiC_scaffold_457,1,5110,0,0,0,0,0,0
HiC_scaffold_458,1,12538,0,0,0,0,0,0
HiC_scaffold_459,1,5079,0,0,0,0,0,0
HiC_scaffold_460,1,5111,0,0,0,0,0,0
HiC_scaffold_461,1,5108,0,0,0,0,0,0
HiC_scaffold_462,1,5105,0,0,0,0,0,0
HiC_scaffold_463,1,5071,0,0,0,0,0,0
HiC_scaffold_464,1,5095,0,0,0,0,0,0
HiC_scaffold_465,1,5094,0,0,0,0,0,0
HiC_scaffold_466,1,5072,0,0,0,0,0,0
HiC_scaffold_467,1,5088,0,0,0,0,0,0
HiC_scaffold_468,1,5069,0,0,0,0,0,0
HiC_scaffold_469,1,12573,0,0,0,0,0,0
HiC_scaffold_470,1,5082,0,0,0,0,0,0
HiC_scaffold_471,1,4971,0,0,0,0,0,0
HiC_scaffold_472,1,5062,0,0,0,0,0,0
HiC_scaffold_473,1,5073,0,0,0,0,0,0
HiC_scaffold_474,1,5069,0,0,0,0,0,0
HiC_scaffold_475,1,5029,0,0,0,0,0,0
HiC_scaffold_476,1,5007,0,0,0,0,0,0
HiC_scaffold_477,1,5073,0,0,0,0,0,0
HiC_scaffold_478,1,5067,0,0,0,0,0,0
HiC_scaffold_479,1,4947,0,0,0,0,0,0
HiC_scaffold_480,1,12535,0,0,0,0,0,0
HiC_scaffold_481,1,5058,0,0,0,0,0,0
HiC_scaffold_482,1,5047,0,0,0,0,0,0
HiC_scaffold_483,1,5048,0,0,0,0,0,0
HiC_scaffold_484,1,5008,0,0,0,0,0,0
HiC_scaffold_485,1,5033,0,0,0,0,0,0
HiC_scaffold_486,1,4997,0,0,0,0,0,0
HiC_scaffold_487,1,5025,0,0,0,0,0,0
HiC_scaffold_488,1,5025,0,0,0,0,0,0
HiC_scaffold_489,1,5020,0,0,0,0,0,0
HiC_scaffold_490,1,5019,0,0,0,0,0,0
HiC_scaffold_491,1,12549,0,0,0,0,0,0
HiC_scaffold_492,1,5018,0,0,0,0,0,0
HiC_scaffold_493,1,4953,0,0,0,0,0,0
HiC_scaffold_494,1,5011,0,0,0,0,0,0
HiC_scaffold_495,1,4941,0,0,0,0,0,0
HiC_scaffold_496,1,5005,0,0,0,0,0,0
HiC_scaffold_497,1,4996,0,0,0,0,0,0
HiC_scaffold_498,1,5002,0,0,0,0,0,0
HiC_scaffold_499,1,4927,0,0,0,0,0,0
HiC_scaffold_500,1,4885,0,0,0,0,0,0
HiC_scaffold_501,1,4671,0,0,0,0,0,0
HiC_scaffold_502,1,12531,0,0,0,0,0,0
HiC_scaffold_503,1,4642,0,0,0,0,0,0
HiC_scaffold_504,1,4489,0,0,0,0,0,0
HiC_scaffold_505,1,4430,0,0,0,0,0,0
HiC_scaffold_506,1,4375,0,0,0,0,0,0
HiC_scaffold_507,1,4366,0,0,0,0,0,0
HiC_scaffold_508,1,4249,0,0,0,0,0,0
HiC_scaffold_509,1,4144,0,0,0,0,0,0
HiC_scaffold_510,1,4140,0,0,0,0,0,0
HiC_scaffold_511,1,4046,0,0,0,0,0,0
HiC_scaffold_512,1,3751,0,0,0,0,0,0
HiC_scaffold_513,1,12335,0,0,0,0,0,0
HiC_scaffold_514,1,3666,0,0,0,0,0,0
HiC_scaffold_515,1,3733,0,0,0,0,0,0
HiC_scaffold_516,1,3652,0,0,0,0,0,0
HiC_scaffold_517,1,3562,0,0,0,0,0,0
HiC_scaffold_518,1,3503,0,0,0,0,0,0
HiC_scaffold_519,1,3375,0,0,0,0,0,0
HiC_scaffold_520,1,3242,0,0,0,0,0,0
HiC_scaffold_521,1,3203,0,0,0,0,0,0
HiC_scaffold_522,1,3199,0,0,0,0,0,0
HiC_scaffold_523,1,3188,0,0,0,0,0,0
HiC_scaffold_524,1,12388,0,0,0,0,0,0
HiC_scaffold_525,1,3175,0,0,0,0,0,0
HiC_scaffold_526,1,3164,0,0,0,0,0,0
HiC_scaffold_527,1,3108,0,0,0,0,0,0
HiC_scaffold_528,1,3097,0,0,0,0,0,0
HiC_scaffold_529,1,3011,0,0,0,0,0,0
HiC_scaffold_530,1,3044,0,0,0,0,0,0
HiC_scaffold_531,1,3025,0,0,0,0,0,0
HiC_scaffold_532,1,2998,0,0,0,0,0,0
HiC_scaffold_533,1,20659,0,0,0,0,0,0
HiC_scaffold_534,1,16139,0,0,0,0,0,0
HiC_scaffold_535,1,12458,0,0,0,0,0,0
HiC_scaffold_536,1,19868,0,0,0,0,0,0
HiC_scaffold_537,1,2662,0,0,0,0,0,0
HiC_scaffold_538,1,2005,0,0,0,0,0,0
HiC_scaffold_539,1,140514,0,0,0,0,0,0
HiC_scaffold_540,1,17607,0,0,0,0,0,0
HiC_scaffold_541,1,41473,0,0,0,0,0,0
HiC_scaffold_542,1,2838,0,0,0,0,0,0
HiC_scaffold_543,1,447,0,0,0,0,0,0
HiC_scaffold_544,1,79595,0,0,0,0,0,0
HiC_scaffold_545,1,103868,0,0,0,0,0,0
HiC_scaffold_546,1,12417,0,0,0,0,0,0
HiC_scaffold_547,1,15026,0,0,0,0,0,0
HiC_scaffold_548,1,9896,0,0,0,0,0,0
HiC_scaffold_549,1,86129,0,0,0,0,0,0
HiC_scaffold_550,1,1903,0,0,0,0,0,0
HiC_scaffold_551,1,15070,0,0,0,0,0,0
HiC_scaffold_552,1,32094,0,0,0,0,0,0
HiC_scaffold_553,1,22445,0,0,0,0,0,0
HiC_scaffold_554,1,126492,0,0,0,0,0,0
HiC_scaffold_555,1,1981,0,0,0,0,0,0
HiC_scaffold_556,1,59107,0,0,0,0,0,0
HiC_scaffold_558,1,12374,0,0,0,0,0,0
HiC_scaffold_559,1,4004,0,0,0,0,0,0
HiC_scaffold_560,1,46684,0,0,0,0,0,0
HiC_scaffold_561,1,229592,0,0,0,0,0,0
HiC_scaffold_562,1,64870,0,0,0,0,0,0
HiC_scaffold_563,1,19147,0,0,0,0,0,0
HiC_scaffold_564,1,147600,0,0,0,0,0,0
HiC_scaffold_565,1,20612,0,0,0,0,0,0
HiC_scaffold_566,1,892,0,0,0,0,0,0
HiC_scaffold_567,1,3000,0,0,0,0,0,0
HiC_scaffold_568,1,324079,0,0,0,0,0,0
HiC_scaffold_569,1,12367,0,0,0,0,0,0
HiC_scaffold_570,1,82,0,0,0,0,0,0
HiC_scaffold_571,1,334614,0,0,0,0,0,0
HiC_scaffold_572,1,49317,0,0,0,0,0,0
HiC_scaffold_573,1,32314,0,0,0,0,0,0
HiC_scaffold_574,1,159919,0,0,0,0,0,0
HiC_scaffold_575,1,64476,0,0,0,0,0,0
HiC_scaffold_576,1,19463,0,0,0,0,0,0
HiC_scaffold_577,1,16110,0,0,0,0,0,0
HiC_scaffold_578,1,39594,0,0,0,0,0,0
HiC_scaffold_579,1,64414,0,0,0,0,0,0
HiC_scaffold_580,1,12317,0,0,0,0,0,0
HiC_scaffold_581,1,58292,0,0,0,0,0,0
HiC_scaffold_582,1,18167,0,0,0,0,0,0
HiC_scaffold_583,1,19250,0,0,0,0,0,0
HiC_scaffold_584,1,15221,0,0,0,0,0,0
HiC_scaffold_585,1,1796973,0,0,0,0,0,0
HiC_scaffold_586,1,53132,0,0,0,0,0,0
HiC_scaffold_587,1,16106,0,0,0,0,0,0
HiC_scaffold_588,1,400895,0,0,0,0,0,0
HiC_scaffold_589,1,16203,0,0,0,0,0,0
HiC_scaffold_590,1,5002,0,0,0,0,0,0
HiC_scaffold_591,1,12226,0,0,0,0,0,0
HiC_scaffold_592,1,17610,0,0,0,0,0,0
HiC_scaffold_594,1,246178,0,0,0,0,0,0
HiC_scaffold_595,1,32252,0,0,0,0,0,0
HiC_scaffold_596,1,19222,0,0,0,0,0,0
HiC_scaffold_597,1,3969,0,0,0,0,0,0
HiC_scaffold_598,1,27207,0,0,0,0,0,0
HiC_scaffold_599,1,55384,0,0,0,0,0,0
HiC_scaffold_600,1,34765,0,0,0,0,0,0
HiC_scaffold_601,1,25684,0,0,0,0,0,0
HiC_scaffold_602,1,12207,0,0,0,0,0,0
HiC_scaffold_603,1,16798,0,0,0,0,0,0
HiC_scaffold_604,1,24046,0,0,0,0,0,0
HiC_scaffold_605,1,95273,0,0,0,0,0,0
HiC_scaffold_606,1,21806,0,0,0,0,0,0
HiC_scaffold_607,1,51280,0,0,0,0,0,0
HiC_scaffold_608,1,57377,0,0,0,0,0,0
HiC_scaffold_609,1,19335,0,0,0,0,0,0
HiC_scaffold_610,1,15300,0,0,0,0,0,0
HiC_scaffold_611,1,20746,0,0,0,0,0,0
HiC_scaffold_612,1,820,0,0,0,0,0,0
HiC_scaffold_613,1,12212,0,0,0,0,0,0
HiC_scaffold_614,1,136653,0,0,0,0,0,0
HiC_scaffold_615,1,74313,0,0,0,0,0,0
HiC_scaffold_616,1,185560,0,0,0,0,0,0
HiC_scaffold_617,1,49937,0,0,0,0,0,0
HiC_scaffold_618,1,22485,0,0,0,0,0,0
HiC_scaffold_619,1,125238,0,0,0,0,0,0
HiC_scaffold_620,1,90995,0,0,0,0,0,0
HiC_scaffold_621,1,45582,0,0,0,0,0,0
HiC_scaffold_622,1,18817,0,0,0,0,0,0
HiC_scaffold_623,1,15328,0,0,0,0,0,0
HiC_scaffold_624,1,12146,0,0,0,0,0,0
HiC_scaffold_625,1,13865,0,0,0,0,0,0
HiC_scaffold_626,1,6532,0,0,0,0,0,0
HiC_scaffold_627,1,306425,0,0,0,0,0,0
HiC_scaffold_628,1,2000,0,0,0,0,0,0
HiC_scaffold_629,1,4994,0,0,0,0,0,0
HiC_scaffold_630,1,15171,0,0,0,0,0,0
HiC_scaffold_631,1,57488,0,0,0,0,0,0
HiC_scaffold_632,1,53763,0,0,0,0,0,0
HiC_scaffold_633,1,24473,0,0,0,0,0,0
HiC_scaffold_634,1,77619,0,0,0,0,0,0
HiC_scaffold_635,1,12083,0,0,0,0,0,0
HiC_scaffold_636,1,18332,0,0,0,0,0,0
HiC_scaffold_637,1,870708,0,0,0,0,0,0
HiC_scaffold_639,1,15611,0,0,0,0,0,0
HiC_scaffold_640,1,16235,0,0,0,0,0,0
HiC_scaffold_641,1,19411,0,0,0,0,0,0
HiC_scaffold_642,1,10013,0,0,0,0,0,0
HiC_scaffold_643,1,728171,0,0,0,0,0,0
HiC_scaffold_644,1,1449000,0,0,0,0,0,0
HiC_scaffold_645,1,101748,0,0,0,0,0,0
HiC_scaffold_646,1,12064,0,0,0,0,0,0
HiC_scaffold_647,1,61897,0,0,0,0,0,0
HiC_scaffold_648,1,20657,0,0,0,0,0,0
HiC_scaffold_649,1,276435,0,0,0,0,0,0
HiC_scaffold_650,1,24263,0,0,0,0,0,0
HiC_scaffold_651,1,23056,0,0,0,0,0,0
HiC_scaffold_652,1,93695,0,0,0,0,0,0
HiC_scaffold_653,1,20067,0,0,0,0,0,0
HiC_scaffold_654,1,33808,0,0,0,0,0,0
HiC_scaffold_656,1,78828,0,0,0,0,0,0
HiC_scaffold_657,1,12084,0,0,0,0,0,0
HiC_scaffold_658,1,47331,0,0,0,0,0,0
HiC_scaffold_659,1,235839,0,0,0,0,0,0
HiC_scaffold_660,1,15187,0,0,0,0,0,0
HiC_scaffold_661,1,16373,0,0,0,0,0,0
HiC_scaffold_662,1,26425,0,0,0,0,0,0
HiC_scaffold_664,1,21424,0,0,0,0,0,0
HiC_scaffold_665,1,40632,0,0,0,0,0,0
HiC_scaffold_666,1,106828,0,0,0,0,0,0
HiC_scaffold_667,1,57827,0,0,0,0,0,0
HiC_scaffold_669,1,12004,0,0,0,0,0,0
HiC_scaffold_670,1,113988,0,0,0,0,0,0
HiC_scaffold_671,1,69075,0,0,0,0,0,0
HiC_scaffold_672,1,94193,0,0,0,0,0,0
HiC_scaffold_673,1,138739,0,0,0,0,0,0
HiC_scaffold_674,1,222957,0,0,0,0,0,0
HiC_scaffold_675,1,54996,0,0,0,0,0,0
HiC_scaffold_676,1,116295,0,0,0,0,0,0
HiC_scaffold_677,1,306809,0,0,0,0,0,0
HiC_scaffold_678,1,117063,0,0,0,0,0,0
HiC_scaffold_679,1,18248,0,0,0,0,0,0
HiC_scaffold_680,1,12090,0,0,0,0,0,0
HiC_scaffold_681,1,389141,0,0,0,0,0,0
HiC_scaffold_682,1,27933,0,0,0,0,0,0
HiC_scaffold_683,1,19047,0,0,0,0,0,0
HiC_scaffold_684,1,239389,0,0,0,0,0,0
HiC_scaffold_685,1,79737,0,0,0,0,0,0
HiC_scaffold_686,1,16137,0,0,0,0,0,0
HiC_scaffold_688,1,729974,0,0,0,0,0,0
HiC_scaffold_689,1,21546,0,0,0,0,0,0
HiC_scaffold_690,1,355908,0,0,0,0,0,0
HiC_scaffold_691,1,12074,0,0,0,0,0,0
HiC_scaffold_692,1,294362,0,0,0,0,0,0
HiC_scaffold_693,1,126531,0,0,0,0,0,0
HiC_scaffold_694,1,98438,0,0,0,0,0,0
HiC_scaffold_695,1,122214,0,0,0,0,0,0
HiC_scaffold_696,1,22761,0,0,0,0,0,0
HiC_scaffold_697,1,579636,0,0,0,0,0,0
HiC_scaffold_698,1,453662,0,0,0,0,0,0
HiC_scaffold_699,1,15198,0,0,0,0,0,0
HiC_scaffold_700,1,407684,0,0,0,0,0,0
HiC_scaffold_701,1,16370,0,0,0,0,0,0
HiC_scaffold_702,1,12065,0,0,0,0,0,0
HiC_scaffold_703,1,104310,0,0,0,0,0,0
HiC_scaffold_704,1,975519,0,0,0,0,0,0
HiC_scaffold_705,1,33066,0,0,0,0,0,0
HiC_scaffold_706,1,313638,0,0,0,0,0,0
HiC_scaffold_707,1,834828,0,0,0,0,0,0
HiC_scaffold_708,1,27003,0,0,0,0,0,0
HiC_scaffold_709,1,322844,0,0,0,0,0,0
HiC_scaffold_710,1,82082,0,0,0,0,0,0
HiC_scaffold_711,1,25411,0,0,0,0,0,0
HiC_scaffold_712,1,33689,0,0,0,0,0,0
HiC_scaffold_713,1,12018,0,0,0,0,0,0
HiC_scaffold_714,1,983904,0,0,0,0,0,0
HiC_scaffold_715,1,35638,0,0,0,0,0,0
HiC_scaffold_716,1,143224,0,0,0,0,0,0
HiC_scaffold_717,1,20441,0,0,0,0,0,0
HiC_scaffold_718,1,16469,0,0,0,0,0,0
HiC_scaffold_719,1,26452,0,0,0,0,0,0
HiC_scaffold_720,1,304145,0,0,0,0,0,0
HiC_scaffold_721,1,82601,0,0,0,0,0,0
HiC_scaffold_722,1,327378,0,0,0,0,0,0
HiC_scaffold_723,1,24144,0,0,0,0,0,0
HiC_scaffold_724,1,12022,0,0,0,0,0,0
HiC_scaffold_725,1,20295,0,0,0,0,0,0
HiC_scaffold_726,1,81095,0,0,0,0,0,0
HiC_scaffold_727,1,174151,0,0,0,0,0,0
HiC_scaffold_728,1,667887,0,0,0,0,0,0
HiC_scaffold_729,1,68741,0,0,0,0,0,0
HiC_scaffold_730,1,58692,0,0,0,0,0,0
HiC_scaffold_731,1,54967,0,0,0,0,0,0
HiC_scaffold_732,1,625483,0,0,0,0,0,0
HiC_scaffold_733,1,60409,0,0,0,0,0,0
HiC_scaffold_734,1,417729,0,0,0,0,0,0
HiC_scaffold_735,1,11963,0,0,0,0,0,0
HiC_scaffold_736,1,361439,0,0,0,0,0,0
HiC_scaffold_737,1,158136,0,0,0,0,0,0
HiC_scaffold_738,1,952963,0,0,0,0,0,0
HiC_scaffold_739,1,1640997,0,0,0,0,0,0
HiC_scaffold_740,1,228211,0,0,0,0,0,0
HiC_scaffold_741,1,163288,0,0,0,0,0,0
HiC_scaffold_742,1,34107,0,0,0,0,0,0
HiC_scaffold_743,1,76732,0,0,0,0,0,0
HiC_scaffold_744,1,109491,0,0,0,0,0,0
HiC_scaffold_745,1,96940,0,0,0,0,0,0
HiC_scaffold_746,1,11994,0,0,0,0,0,0
HiC_scaffold_747,1,35310,0,0,0,0,0,0
HiC_scaffold_748,1,18762,0,0,0,0,0,0
HiC_scaffold_749,1,17172,0,0,0,0,0,0
HiC_scaffold_750,1,44622,0,0,0,0,0,0
HiC_scaffold_751,1,16101,0,0,0,0,0,0
HiC_scaffold_752,1,43302,0,0,0,0,0,0
HiC_scaffold_753,1,129139,0,0,0,0,0,0
HiC_scaffold_754,1,58190,0,0,0,0,0,0
HiC_scaffold_756,1,42127,0,0,0,0,0,0
HiC_scaffold_757,1,11974,0,0,0,0,0,0
HiC_scaffold_758,1,16322,0,0,0,0,0,0
HiC_scaffold_759,1,93141,0,0,0,0,0,0
HiC_scaffold_760,1,115150,0,0,0,0,0,0
HiC_scaffold_761,1,74307,0,0,0,0,0,0
HiC_scaffold_762,1,43671,0,0,0,0,0,0
HiC_scaffold_763,1,73494,0,0,0,0,0,0
HiC_scaffold_764,1,34939,0,0,0,0,0,0
HiC_scaffold_765,1,138116,0,0,0,0,0,0
HiC_scaffold_766,1,43377,0,0,0,0,0,0
HiC_scaffold_767,1,85421,0,0,0,0,0,0
HiC_scaffold_768,1,12019,0,0,0,0,0,0
HiC_scaffold_769,1,161320,0,0,0,0,0,0
HiC_scaffold_770,1,20123,0,0,0,0,0,0
HiC_scaffold_771,1,34012,0,0,0,0,0,0
HiC_scaffold_773,1,18481,0,0,0,0,0,0
HiC_scaffold_774,1,16321,0,0,0,0,0,0
HiC_scaffold_775,1,49449,0,0,0,0,0,0
HiC_scaffold_776,1,28823,0,0,0,0,0,0
HiC_scaffold_777,1,79090,0,0,0,0,0,0
HiC_scaffold_778,1,37554,0,0,0,0,0,0
HiC_scaffold_780,1,12004,0,0,0,0,0,0
HiC_scaffold_781,1,41434,0,0,0,0,0,0
HiC_scaffold_782,1,92427,0,0,0,0,0,0
HiC_scaffold_783,1,85040,0,0,0,0,0,0
HiC_scaffold_784,1,17775,0,0,0,0,0,0
HiC_scaffold_785,1,60550,0,0,0,0,0,0
HiC_scaffold_786,1,119798,0,0,0,0,0,0
HiC_scaffold_787,1,33842,0,0,0,0,0,0
HiC_scaffold_788,1,89965,0,0,0,0,0,0
HiC_scaffold_789,1,94856,0,0,0,0,0,0
HiC_scaffold_790,1,200593,0,0,0,0,0,0
HiC_scaffold_791,1,11990,0,0,0,0,0,0
HiC_scaffold_792,1,23252,0,0,0,0,0,0
HiC_scaffold_793,1,33929,0,0,0,0,0,0
HiC_scaffold_794,1,40074,0,0,0,0,0,0
HiC_scaffold_795,1,61670,0,0,0,0,0,0
HiC_scaffold_796,1,147506,0,0,0,0,0,0
HiC_scaffold_797,1,71401,0,0,0,0,0,0
HiC_scaffold_798,1,54771,0,0,0,0,0,0
HiC_scaffold_799,1,54978,0,0,0,0,0,0
HiC_scaffold_800,1,34953,0,0,0,0,0,0
HiC_scaffold_801,1,22054,0,0,0,0,0,0
HiC_scaffold_802,1,11974,0,0,0,0,0,0
HiC_scaffold_803,1,182081,0,0,0,0,0,0
HiC_scaffold_805,1,53106,0,0,0,0,0,0
HiC_scaffold_806,1,53918,0,0,0,0,0,0
HiC_scaffold_807,1,50987,0,0,0,0,0,0
HiC_scaffold_808,1,24214,0,0,0,0,0,0
HiC_scaffold_809,1,29959,0,0,0,0,0,0
HiC_scaffold_810,1,30150,0,0,0,0,0,0
HiC_scaffold_811,1,89469,0,0,0,0,0,0
HiC_scaffold_813,1,11946,0,0,0,0,0,0
HiC_scaffold_814,1,15497,0,0,0,0,0,0
HiC_scaffold_815,1,20518,0,0,0,0,0,0
HiC_scaffold_816,1,52593,0,0,0,0,0,0
HiC_scaffold_817,1,18170,0,0,0,0,0,0
HiC_scaffold_818,1,132101,0,0,0,0,0,0
HiC_scaffold_819,1,21921,0,0,0,0,0,0
HiC_scaffold_820,1,69343,0,0,0,0,0,0
HiC_scaffold_821,1,15164,0,0,0,0,0,0
HiC_scaffold_822,1,129950,0,0,0,0,0,0
HiC_scaffold_823,1,31735,0,0,0,0,0,0
HiC_scaffold_824,1,11933,0,0,0,0,0,0
HiC_scaffold_825,1,31883,0,0,0,0,0,0
HiC_scaffold_826,1,129468,0,0,0,0,0,0
HiC_scaffold_827,1,42065,0,0,0,0,0,0
HiC_scaffold_828,1,20748,0,0,0,0,0,0
HiC_scaffold_830,1,22628,0,0,0,0,0,0
HiC_scaffold_831,1,96124,0,0,0,0,0,0
HiC_scaffold_832,1,23515,0,0,0,0,0,0
HiC_scaffold_833,1,73960,0,0,0,0,0,0
HiC_scaffold_834,1,27694,0,0,0,0,0,0
HiC_scaffold_835,1,11932,0,0,0,0,0,0
HiC_scaffold_836,1,27060,0,0,0,0,0,0
HiC_scaffold_837,1,38229,0,0,0,0,0,0
HiC_scaffold_838,1,34617,0,0,0,0,0,0
HiC_scaffold_839,1,81562,0,0,0,0,0,0
HiC_scaffold_840,1,20392,0,0,0,0,0,0
HiC_scaffold_841,1,53630,0,0,0,0,0,0
HiC_scaffold_843,1,71543,0,0,0,0,0,0
HiC_scaffold_844,1,27453,0,0,0,0,0,0
HiC_scaffold_845,1,22686,0,0,0,0,0,0
HiC_scaffold_846,1,11721,0,0,0,0,0,0
HiC_scaffold_847,1,15573,0,0,0,0,0,0
HiC_scaffold_848,1,54312,0,0,0,0,0,0
HiC_scaffold_849,1,69006,0,0,0,0,0,0
HiC_scaffold_850,1,18176,0,0,0,0,0,0
HiC_scaffold_851,1,50617,0,0,0,0,0,0
HiC_scaffold_852,1,129881,0,0,0,0,0,0
HiC_scaffold_853,1,15939,0,0,0,0,0,0
HiC_scaffold_854,1,15406,0,0,0,0,0,0
HiC_scaffold_856,1,98687,0,0,0,0,0,0
HiC_scaffold_857,1,11784,0,0,0,0,0,0
HiC_scaffold_858,1,118636,0,0,0,0,0,0
HiC_scaffold_859,1,82816,0,0,0,0,0,0
HiC_scaffold_860,1,17556,0,0,0,0,0,0
HiC_scaffold_861,1,41652,0,0,0,0,0,0
HiC_scaffold_862,1,42057,0,0,0,0,0,0
HiC_scaffold_863,1,90974,0,0,0,0,0,0
HiC_scaffold_864,1,88851,0,0,0,0,0,0
HiC_scaffold_865,1,21879,0,0,0,0,0,0
HiC_scaffold_866,1,32274,0,0,0,0,0,0
HiC_scaffold_867,1,104054,0,0,0,0,0,0
HiC_scaffold_868,1,11835,0,0,0,0,0,0
HiC_scaffold_869,1,136594,0,0,0,0,0,0
HiC_scaffold_870,1,29929,0,0,0,0,0,0
HiC_scaffold_871,1,46908,0,0,0,0,0,0
HiC_scaffold_872,1,16108,0,0,0,0,0,0
HiC_scaffold_873,1,16078,0,0,0,0,0,0
HiC_scaffold_874,1,2188508,0,0,0,0,0,0
HiC_scaffold_875,1,112890,0,0,0,0,0,0
HiC_scaffold_876,1,191344,0,0,0,0,0,0
HiC_scaffold_877,1,16192,0,0,0,0,0,0
HiC_scaffold_878,1,43276,0,0,0,0,0,0
HiC_scaffold_879,1,11702,0,0,0,0,0,0
HiC_scaffold_880,1,45116,0,0,0,0,0,0
HiC_scaffold_881,1,33481,0,0,0,0,0,0
HiC_scaffold_882,1,364523,0,0,0,0,0,0
HiC_scaffold_883,1,49530,0,0,0,0,0,0
HiC_scaffold_884,1,54760,0,0,0,0,0,0
HiC_scaffold_885,1,33025,0,0,0,0,0,0
HiC_scaffold_886,1,35215,0,0,0,0,0,0
HiC_scaffold_887,1,34398,0,0,0,0,0,0
HiC_scaffold_888,1,92127,0,0,0,0,0,0
HiC_scaffold_889,1,32988,0,0,0,0,0,0
HiC_scaffold_891,1,11725,0,0,0,0,0,0
HiC_scaffold_892,1,143382,0,0,0,0,0,0
HiC_scaffold_893,1,49676,0,0,0,0,0,0
HiC_scaffold_894,1,41203,0,0,0,0,0,0
HiC_scaffold_895,1,33924,0,0,0,0,0,0
HiC_scaffold_896,1,47994,0,0,0,0,0,0
HiC_scaffold_897,1,71353,0,0,0,0,0,0
HiC_scaffold_898,1,48671,0,0,0,0,0,0
HiC_scaffold_899,1,86321,0,0,0,0,0,0
HiC_scaffold_900,1,24741,0,0,0,0,0,0
HiC_scaffold_901,1,104187,0,0,0,0,0,0
HiC_scaffold_902,1,11516,0,0,0,0,0,0
HiC_scaffold_903,1,63416,0,0,0,0,0,0
HiC_scaffold_904,1,116611,0,0,0,0,0,0
HiC_scaffold_905,1,166556,0,0,0,0,0,0
HiC_scaffold_906,1,63855,0,0,0,0,0,0
HiC_scaffold_907,1,19461,0,0,0,0,0,0
HiC_scaffold_908,1,70946,0,0,0,0,0,0
HiC_scaffold_909,1,33949,0,0,0,0,0,0
HiC_scaffold_910,1,109101,0,0,0,0,0,0
HiC_scaffold_911,1,51586,0,0,0,0,0,0
HiC_scaffold_912,1,18526,0,0,0,0,0,0
HiC_scaffold_913,1,11714,0,0,0,0,0,0
HiC_scaffold_914,1,108068,0,0,0,0,0,0
HiC_scaffold_915,1,16321,0,0,0,0,0,0
HiC_scaffold_916,1,16440,0,0,0,0,0,0
HiC_scaffold_917,1,100945,0,0,0,0,0,0
HiC_scaffold_918,1,27298,0,0,0,0,0,0
HiC_scaffold_919,1,16746,0,0,0,0,0,0
HiC_scaffold_920,1,16137,0,0,0,0,0,0
HiC_scaffold_921,1,49107,0,0,0,0,0,0
HiC_scaffold_922,1,38064,0,0,0,0,0,0
HiC_scaffold_923,1,93784,0,0,0,0,0,0
HiC_scaffold_924,1,11677,0,0,0,0,0,0
HiC_scaffold_925,1,95733,0,0,0,0,0,0
HiC_scaffold_926,1,36733,0,0,0,0,0,0
HiC_scaffold_927,1,48844,0,0,0,0,0,0
HiC_scaffold_928,1,54602,0,0,0,0,0,0
HiC_scaffold_929,1,112799,0,0,0,0,0,0
HiC_scaffold_930,1,63580,0,0,0,0,0,0
HiC_scaffold_931,1,62661,0,0,0,0,0,0
HiC_scaffold_932,1,70848,0,0,0,0,0,0
HiC_scaffold_933,1,78584,0,0,0,0,0,0
HiC_scaffold_934,1,358608,0,0,0,0,0,0
HiC_scaffold_935,1,11598,0,0,0,0,0,0
HiC_scaffold_936,1,116132,0,0,0,0,0,0
HiC_scaffold_937,1,28018,0,0,0,0,0,0
HiC_scaffold_938,1,54257,0,0,0,0,0,0
HiC_scaffold_939,1,52919,0,0,0,0,0,0
HiC_scaffold_940,1,239525,0,0,0,0,0,0
HiC_scaffold_941,1,66471,0,0,0,0,0,0
HiC_scaffold_942,1,110721,0,0,0,0,0,0
HiC_scaffold_943,1,69678,0,0,0,0,0,0
HiC_scaffold_944,1,65909,0,0,0,0,0,0
HiC_scaffold_945,1,61065,0,0,0,0,0,0
HiC_scaffold_946,1,11654,0,0,0,0,0,0
HiC_scaffold_947,1,48534,0,0,0,0,0,0
HiC_scaffold_948,1,25176,0,0,0,0,0,0
HiC_scaffold_949,1,19420,0,0,0,0,0,0
HiC_scaffold_950,1,49469,0,0,0,0,0,0
HiC_scaffold_951,1,78023,0,0,0,0,0,0
HiC_scaffold_952,1,64016,0,0,0,0,0,0
HiC_scaffold_953,1,46855,0,0,0,0,0,0
HiC_scaffold_954,1,57731,0,0,0,0,0,0
HiC_scaffold_955,1,37486,0,0,0,0,0,0
HiC_scaffold_956,1,37871,0,0,0,0,0,0
HiC_scaffold_957,1,11621,0,0,0,0,0,0
HiC_scaffold_958,1,65616,0,0,0,0,0,0
HiC_scaffold_959,1,39674,0,0,0,0,0,0
HiC_scaffold_960,1,19583,0,0,0,0,0,0
HiC_scaffold_961,1,23685,0,0,0,0,0,0
HiC_scaffold_962,1,67387,0,0,0,0,0,0
HiC_scaffold_963,1,79566,0,0,0,0,0,0
HiC_scaffold_964,1,76879,0,0,0,0,0,0
HiC_scaffold_965,1,52018,0,0,0,0,0,0
HiC_scaffold_966,1,17361,0,0,0,0,0,0
HiC_scaffold_967,1,238241,0,0,0,0,0,0
HiC_scaffold_968,1,11650,0,0,0,0,0,0
HiC_scaffold_969,1,19988,0,0,0,0,0,0
HiC_scaffold_970,1,2927970,0,0,0,0,0,0
HiC_scaffold_971,1,62681,0,0,0,0,0,0
HiC_scaffold_972,1,11616,0,0,0,0,0,0
HiC_scaffold_973,1,11538,0,0,0,0,0,0
HiC_scaffold_975,1,11572,0,0,0,0,0,0
HiC_scaffold_976,1,11581,0,0,0,0,0,0
HiC_scaffold_977,1,11602,0,0,0,0,0,0
HiC_scaffold_978,1,11540,0,0,0,0,0,0
HiC_scaffold_979,1,11577,0,0,0,0,0,0
HiC_scaffold_980,1,11548,0,0,0,0,0,0
HiC_scaffold_981,1,11475,0,0,0,0,0,0
HiC_scaffold_982,1,11469,0,0,0,0,0,0
HiC_scaffold_984,1,11482,0,0,0,0,0,0
HiC_scaffold_987,1,11452,0,0,0,0,0,0
HiC_scaffold_988,1,11459,0,0,0,0,0,0
HiC_scaffold_989,1,11429,0,0,0,0,0,0
HiC_scaffold_990,1,11396,0,0,0,0,0,0
HiC_scaffold_991,1,11404,0,0,0,0,0,0
HiC_scaffold_992,1,11241,0,0,0,0,0,0
HiC_scaffold_993,1,11373,0,0,0,0,0,0
HiC_scaffold_994,1,11247,0,0,0,0,0,0
HiC_scaffold_995,1,11329,0,0,0,0,0,0
HiC_scaffold_996,1,10982,0,0,0,0,0,0
HiC_scaffold_998,1,11132,0,0,0,0,0,0
HiC_scaffold_999,1,11296,0,0,0,0,0,0
HiC_scaffold_1000,1,11260,0,0,0,0,0,0
HiC_scaffold_1001,1,11249,0,0,0,0,0,0
HiC_scaffold_1002,1,11188,0,0,0,0,0,0
HiC_scaffold_1003,1,11129,0,0,0,0,0,0
HiC_scaffold_1004,1,11140,0,0,0,0,0,0
HiC_scaffold_1005,1,11142,0,0,0,0,0,0
HiC_scaffold_1006,1,11162,0,0,0,0,0,0
HiC_scaffold_1007,1,11118,0,0,0,0,0,0
HiC_scaffold_1009,1,11138,0,0,0,0,0,0
HiC_scaffold_1010,1,11149,0,0,0,0,0,0
HiC_scaffold_1011,1,11147,0,0,0,0,0,0
HiC_scaffold_1012,1,11082,0,0,0,0,0,0
HiC_scaffold_1013,1,11023,0,0,0,0,0,0
HiC_scaffold_1014,1,11028,0,0,0,0,0,0
HiC_scaffold_1015,1,11017,0,0,0,0,0,0
HiC_scaffold_1016,1,10888,0,0,0,0,0,0
HiC_scaffold_1017,1,10999,0,0,0,0,0,0
HiC_scaffold_1018,1,11009,0,0,0,0,0,0
HiC_scaffold_1020,1,10933,0,0,0,0,0,0
HiC_scaffold_1021,1,10923,0,0,0,0,0,0
HiC_scaffold_1022,1,10901,0,0,0,0,0,0
HiC_scaffold_1023,1,10822,0,0,0,0,0,0
HiC_scaffold_1024,1,10852,0,0,0,0,0,0
HiC_scaffold_1025,1,10871,0,0,0,0,0,0
HiC_scaffold_1026,1,10836,0,0,0,0,0,0
HiC_scaffold_1027,1,10823,0,0,0,0,0,0
HiC_scaffold_1028,1,10808,0,0,0,0,0,0
HiC_scaffold_1029,1,10807,0,0,0,0,0,0
HiC_scaffold_1031,1,10797,0,0,0,0,0,0
HiC_scaffold_1032,1,10792,0,0,0,0,0,0
HiC_scaffold_1033,1,10782,0,0,0,0,0,0
HiC_scaffold_1034,1,10773,0,0,0,0,0,0
HiC_scaffold_1035,1,10747,0,0,0,0,0,0
HiC_scaffold_1036,1,10774,0,0,0,0,0,0
HiC_scaffold_1037,1,10770,0,0,0,0,0,0
HiC_scaffold_1038,1,10702,0,0,0,0,0,0
HiC_scaffold_1039,1,10672,0,0,0,0,0,0
HiC_scaffold_1040,1,10630,0,0,0,0,0,0
HiC_scaffold_1042,1,10683,0,0,0,0,0,0
HiC_scaffold_1043,1,10628,0,0,0,0,0,0
HiC_scaffold_1044,1,10600,0,0,0,0,0,0
HiC_scaffold_1045,1,10653,0,0,0,0,0,0
HiC_scaffold_1046,1,10668,0,0,0,0,0,0
HiC_scaffold_1047,1,10672,0,0,0,0,0,0
HiC_scaffold_1048,1,10657,0,0,0,0,0,0
HiC_scaffold_1049,1,10657,0,0,0,0,0,0
HiC_scaffold_1050,1,10415,0,0,0,0,0,0
HiC_scaffold_1051,1,10609,0,0,0,0,0,0
HiC_scaffold_1053,1,10632,0,0,0,0,0,0
HiC_scaffold_1054,1,10627,0,0,0,0,0,0
HiC_scaffold_1055,1,10373,0,0,0,0,0,0
HiC_scaffold_1056,1,10411,0,0,0,0,0,0
HiC_scaffold_1057,1,10422,0,0,0,0,0,0
HiC_scaffold_1058,1,10497,0,0,0,0,0,0
HiC_scaffold_1059,1,10488,0,0,0,0,0,0
HiC_scaffold_1060,1,10575,0,0,0,0,0,0
HiC_scaffold_1061,1,10458,0,0,0,0,0,0
HiC_scaffold_1064,1,10487,0,0,0,0,0,0
HiC_scaffold_1065,1,10535,0,0,0,0,0,0
HiC_scaffold_1066,1,10540,0,0,0,0,0,0
HiC_scaffold_1067,1,10514,0,0,0,0,0,0
HiC_scaffold_1068,1,10488,0,0,0,0,0,0
HiC_scaffold_1069,1,10474,0,0,0,0,0,0
HiC_scaffold_1070,1,10460,0,0,0,0,0,0
HiC_scaffold_1071,1,10381,0,0,0,0,0,0
HiC_scaffold_1072,1,10330,0,0,0,0,0,0
HiC_scaffold_1073,1,10396,0,0,0,0,0,0
HiC_scaffold_1075,1,10258,0,0,0,0,0,0
HiC_scaffold_1076,1,10401,0,0,0,0,0,0
HiC_scaffold_1077,1,10386,0,0,0,0,0,0
HiC_scaffold_1078,1,10366,0,0,0,0,0,0
HiC_scaffold_1079,1,10166,0,0,0,0,0,0
HiC_scaffold_1080,1,10347,0,0,0,0,0,0
HiC_scaffold_1081,1,10285,0,0,0,0,0,0
HiC_scaffold_1082,1,10292,0,0,0,0,0,0
HiC_scaffold_1083,1,10298,0,0,0,0,0,0
HiC_scaffold_1084,1,10206,0,0,0,0,0,0
HiC_scaffold_1085,1,68030,0,0,0,0,0,0
HiC_scaffold_1086,1,10194,0,0,0,0,0,0
HiC_scaffold_1087,1,9954,0,0,0,0,0,0
HiC_scaffold_1088,1,10167,0,0,0,0,0,0
HiC_scaffold_1089,1,10160,0,0,0,0,0,0
HiC_scaffold_1090,1,10143,0,0,0,0,0,0
HiC_scaffold_1091,1,10134,0,0,0,0,0,0
HiC_scaffold_1092,1,10106,0,0,0,0,0,0
HiC_scaffold_1093,1,10002,0,0,0,0,0,0
HiC_scaffold_1094,1,9710,0,0,0,0,0,0
HiC_scaffold_1095,1,10100,0,0,0,0,0,0
HiC_scaffold_1098,1,10028,0,0,0,0,0,0
HiC_scaffold_1099,1,10050,0,0,0,0,0,0
HiC_scaffold_1100,1,10092,0,0,0,0,0,0
HiC_scaffold_1101,1,10094,0,0,0,0,0,0
HiC_scaffold_1102,1,10057,0,0,0,0,0,0
HiC_scaffold_1103,1,10067,0,0,0,0,0,0
HiC_scaffold_1104,1,9923,0,0,0,0,0,0
HiC_scaffold_1105,1,9918,0,0,0,0,0,0
HiC_scaffold_1106,1,10001,0,0,0,0,0,0
HiC_scaffold_1107,1,10003,0,0,0,0,0,0
HiC_scaffold_1108,1,164197,0,0,0,0,0,0
HiC_scaffold_1109,1,10052,0,0,0,0,0,0
HiC_scaffold_1110,1,9958,0,0,0,0,0,0
HiC_scaffold_1111,1,9990,0,0,0,0,0,0
HiC_scaffold_1112,1,9977,0,0,0,0,0,0
HiC_scaffold_1113,1,9933,0,0,0,0,0,0
HiC_scaffold_1114,1,9932,0,0,0,0,0,0
HiC_scaffold_1115,1,9960,0,0,0,0,0,0
HiC_scaffold_1116,1,9864,0,0,0,0,0,0
HiC_scaffold_1117,1,9870,0,0,0,0,0,0
HiC_scaffold_1118,1,9911,0,0,0,0,0,0
HiC_scaffold_1119,1,334410,0,0,0,0,0,0
HiC_scaffold_1120,1,9780,0,0,0,0,0,0
HiC_scaffold_1122,1,9850,0,0,0,0,0,0
HiC_scaffold_1123,1,9838,0,0,0,0,0,0
HiC_scaffold_1124,1,9835,0,0,0,0,0,0
HiC_scaffold_1125,1,9815,0,0,0,0,0,0
HiC_scaffold_1126,1,9797,0,0,0,0,0,0
HiC_scaffold_1127,1,9831,0,0,0,0,0,0
HiC_scaffold_1128,1,9724,0,0,0,0,0,0
HiC_scaffold_1129,1,9784,0,0,0,0,0,0
HiC_scaffold_1130,1,409049,0,0,0,0,0,0
HiC_scaffold_1131,1,9778,0,0,0,0,0,0
HiC_scaffold_1132,1,9766,0,0,0,0,0,0
HiC_scaffold_1133,1,9753,0,0,0,0,0,0
HiC_scaffold_1134,1,9739,0,0,0,0,0,0
HiC_scaffold_1135,1,9721,0,0,0,0,0,0
HiC_scaffold_1136,1,9710,0,0,0,0,0,0
HiC_scaffold_1137,1,9710,0,0,0,0,0,0
HiC_scaffold_1138,1,9708,0,0,0,0,0,0
HiC_scaffold_1139,1,9688,0,0,0,0,0,0
HiC_scaffold_1140,1,9640,0,0,0,0,0,0
HiC_scaffold_1141,1,66370,0,0,0,0,0,0
HiC_scaffold_1142,1,9680,0,0,0,0,0,0
HiC_scaffold_1143,1,9592,0,0,0,0,0,0
HiC_scaffold_1144,1,9673,0,0,0,0,0,0
HiC_scaffold_1145,1,9477,0,0,0,0,0,0
HiC_scaffold_1146,1,9568,0,0,0,0,0,0
HiC_scaffold_1147,1,9595,0,0,0,0,0,0
HiC_scaffold_1148,1,9589,0,0,0,0,0,0
HiC_scaffold_1149,1,9589,0,0,0,0,0,0
HiC_scaffold_1150,1,9578,0,0,0,0,0,0
HiC_scaffold_1151,1,9602,0,0,0,0,0,0
HiC_scaffold_1152,1,60805,0,0,0,0,0,0
HiC_scaffold_1153,1,9592,0,0,0,0,0,0
HiC_scaffold_1154,1,9568,0,0,0,0,0,0
HiC_scaffold_1155,1,9571,0,0,0,0,0,0
HiC_scaffold_1156,1,9566,0,0,0,0,0,0
HiC_scaffold_1157,1,9537,0,0,0,0,0,0
HiC_scaffold_1158,1,9530,0,0,0,0,0,0
HiC_scaffold_1159,1,9266,0,0,0,0,0,0
HiC_scaffold_1160,1,9403,0,0,0,0,0,0
HiC_scaffold_1161,1,9509,0,0,0,0,0,0
HiC_scaffold_1162,1,9491,0,0,0,0,0,0
HiC_scaffold_1163,1,25932,0,0,0,0,0,0
HiC_scaffold_1164,1,9410,0,0,0,0,0,0
HiC_scaffold_1165,1,9486,0,0,0,0,0,0
HiC_scaffold_1166,1,9462,0,0,0,0,0,0
HiC_scaffold_1167,1,9472,0,0,0,0,0,0
HiC_scaffold_1168,1,9477,0,0,0,0,0,0
HiC_scaffold_1169,1,9453,0,0,0,0,0,0
HiC_scaffold_1170,1,9456,0,0,0,0,0,0
HiC_scaffold_1171,1,9456,0,0,0,0,0,0
HiC_scaffold_1172,1,9419,0,0,0,0,0,0
HiC_scaffold_1173,1,9431,0,0,0,0,0,0
HiC_scaffold_1174,1,22749,0,0,0,0,0,0
HiC_scaffold_1175,1,9391,0,0,0,0,0,0
HiC_scaffold_1176,1,9422,0,0,0,0,0,0
HiC_scaffold_1177,1,9407,0,0,0,0,0,0
HiC_scaffold_1178,1,9396,0,0,0,0,0,0
HiC_scaffold_1179,1,9337,0,0,0,0,0,0
HiC_scaffold_1180,1,9366,0,0,0,0,0,0
HiC_scaffold_1181,1,9302,0,0,0,0,0,0
HiC_scaffold_1182,1,9381,0,0,0,0,0,0
HiC_scaffold_1183,1,9362,0,0,0,0,0,0
HiC_scaffold_1184,1,9368,0,0,0,0,0,0
HiC_scaffold_1185,1,22344,0,0,0,0,0,0
HiC_scaffold_1186,1,9298,0,0,0,0,0,0
HiC_scaffold_1187,1,9363,0,0,0,0,0,0
HiC_scaffold_1188,1,9357,0,0,0,0,0,0
HiC_scaffold_1189,1,9342,0,0,0,0,0,0
HiC_scaffold_1190,1,9358,0,0,0,0,0,0
HiC_scaffold_1191,1,9352,0,0,0,0,0,0
HiC_scaffold_1192,1,9341,0,0,0,0,0,0
HiC_scaffold_1193,1,9346,0,0,0,0,0,0
HiC_scaffold_1194,1,9300,0,0,0,0,0,0
HiC_scaffold_1195,1,9323,0,0,0,0,0,0
HiC_scaffold_1196,1,16817,0,0,0,0,0,0
HiC_scaffold_1197,1,9297,0,0,0,0,0,0
HiC_scaffold_1198,1,9315,0,0,0,0,0,0
HiC_scaffold_1199,1,9219,0,0,0,0,0,0
HiC_scaffold_1200,1,9297,0,0,0,0,0,0
HiC_scaffold_1201,1,9233,0,0,0,0,0,0
HiC_scaffold_1202,1,9304,0,0,0,0,0,0
HiC_scaffold_1203,1,9263,0,0,0,0,0,0
HiC_scaffold_1204,1,9210,0,0,0,0,0,0
HiC_scaffold_1205,1,9314,0,0,0,0,0,0
HiC_scaffold_1206,1,9275,0,0,0,0,0,0
HiC_scaffold_1208,1,14958,0,0,0,0,0,0
HiC_scaffold_1209,1,9298,0,0,0,0,0,0
HiC_scaffold_1210,1,9095,0,0,0,0,0,0
HiC_scaffold_1211,1,9245,0,0,0,0,0,0
HiC_scaffold_1212,1,9222,0,0,0,0,0,0
HiC_scaffold_1213,1,9277,0,0,0,0,0,0
HiC_scaffold_1214,1,9272,0,0,0,0,0,0
HiC_scaffold_1215,1,9271,0,0,0,0,0,0
HiC_scaffold_1216,1,9269,0,0,0,0,0,0
HiC_scaffold_1217,1,9237,0,0,0,0,0,0
HiC_scaffold_1218,1,9234,0,0,0,0,0,0
HiC_scaffold_1219,1,14943,0,0,0,0,0,0
HiC_scaffold_1220,1,9226,0,0,0,0,0,0
HiC_scaffold_1221,1,9203,0,0,0,0,0,0
HiC_scaffold_1222,1,9216,0,0,0,0,0,0
HiC_scaffold_1223,1,9195,0,0,0,0,0,0
HiC_scaffold_1224,1,9188,0,0,0,0,0,0
HiC_scaffold_1225,1,9154,0,0,0,0,0,0
HiC_scaffold_1226,1,9173,0,0,0,0,0,0
HiC_scaffold_1227,1,9176,0,0,0,0,0,0
HiC_scaffold_1228,1,9156,0,0,0,0,0,0
HiC_scaffold_1229,1,9154,0,0,0,0,0,0
HiC_scaffold_1230,1,14834,0,0,0,0,0,0
HiC_scaffold_1231,1,9121,0,0,0,0,0,0
HiC_scaffold_1232,1,9096,0,0,0,0,0,0
HiC_scaffold_1233,1,8874,0,0,0,0,0,0
HiC_scaffold_1234,1,9074,0,0,0,0,0,0
HiC_scaffold_1235,1,9090,0,0,0,0,0,0
HiC_scaffold_1236,1,9082,0,0,0,0,0,0
HiC_scaffold_1237,1,9069,0,0,0,0,0,0
HiC_scaffold_1238,1,9022,0,0,0,0,0,0
HiC_scaffold_1239,1,8986,0,0,0,0,0,0
HiC_scaffold_1240,1,9048,0,0,0,0,0,0
HiC_scaffold_1241,1,14895,0,0,0,0,0,0
HiC_scaffold_1242,1,9057,0,0,0,0,0,0
HiC_scaffold_1243,1,9048,0,0,0,0,0,0
HiC_scaffold_1244,1,8875,0,0,0,0,0,0
HiC_scaffold_1245,1,9018,0,0,0,0,0,0
HiC_scaffold_1246,1,9001,0,0,0,0,0,0
HiC_scaffold_1247,1,8995,0,0,0,0,0,0
HiC_scaffold_1248,1,8995,0,0,0,0,0,0
HiC_scaffold_1249,1,8977,0,0,0,0,0,0
HiC_scaffold_1250,1,8973,0,0,0,0,0,0
HiC_scaffold_1251,1,8898,0,0,0,0,0,0
HiC_scaffold_1252,1,14767,0,0,0,0,0,0
HiC_scaffold_1253,1,8961,0,0,0,0,0,0
HiC_scaffold_1254,1,8952,0,0,0,0,0,0
HiC_scaffold_1255,1,8947,0,0,0,0,0,0
HiC_scaffold_1256,1,8953,0,0,0,0,0,0
HiC_scaffold_1257,1,8949,0,0,0,0,0,0
HiC_scaffold_1258,1,8899,0,0,0,0,0,0
HiC_scaffold_1259,1,8883,0,0,0,0,0,0
HiC_scaffold_1260,1,8848,0,0,0,0,0,0
HiC_scaffold_1261,1,8748,0,0,0,0,0,0
HiC_scaffold_1262,1,8810,0,0,0,0,0,0
HiC_scaffold_1263,1,14857,0,0,0,0,0,0
HiC_scaffold_1264,1,8785,0,0,0,0,0,0
HiC_scaffold_1265,1,8804,0,0,0,0,0,0
HiC_scaffold_1266,1,8604,0,0,0,0,0,0
HiC_scaffold_1267,1,8784,0,0,0,0,0,0
HiC_scaffold_1268,1,8727,0,0,0,0,0,0
HiC_scaffold_1269,1,8734,0,0,0,0,0,0
HiC_scaffold_1270,1,8677,0,0,0,0,0,0
HiC_scaffold_1271,1,8676,0,0,0,0,0,0
HiC_scaffold_1272,1,8711,0,0,0,0,0,0
HiC_scaffold_1273,1,8719,0,0,0,0,0,0
HiC_scaffold_1274,1,14849,0,0,0,0,0,0
HiC_scaffold_1275,1,8715,0,0,0,0,0,0
HiC_scaffold_1276,1,8685,0,0,0,0,0,0
HiC_scaffold_1277,1,8689,0,0,0,0,0,0
HiC_scaffold_1278,1,8494,0,0,0,0,0,0
HiC_scaffold_1279,1,8669,0,0,0,0,0,0
HiC_scaffold_1280,1,8666,0,0,0,0,0,0
HiC_scaffold_1281,1,8629,0,0,0,0,0,0
HiC_scaffold_1282,1,8676,0,0,0,0,0,0
HiC_scaffold_1283,1,8653,0,0,0,0,0,0
HiC_scaffold_1284,1,8632,0,0,0,0,0,0
HiC_scaffold_1285,1,14787,0,0,0,0,0,0
HiC_scaffold_1286,1,8642,0,0,0,0,0,0
HiC_scaffold_1287,1,8620,0,0,0,0,0,0
HiC_scaffold_1288,1,8619,0,0,0,0,0,0
HiC_scaffold_1289,1,8623,0,0,0,0,0,0
HiC_scaffold_1290,1,8622,0,0,0,0,0,0
HiC_scaffold_1291,1,8624,0,0,0,0,0,0
HiC_scaffold_1292,1,8604,0,0,0,0,0,0
HiC_scaffold_1293,1,8611,0,0,0,0,0,0
HiC_scaffold_1294,1,8626,0,0,0,0,0,0
HiC_scaffold_1295,1,8581,0,0,0,0,0,0
HiC_scaffold_1296,1,14734,0,0,0,0,0,0
HiC_scaffold_1297,1,8603,0,0,0,0,0,0
HiC_scaffold_1298,1,8568,0,0,0,0,0,0
HiC_scaffold_1299,1,8574,0,0,0,0,0,0
HiC_scaffold_1300,1,8543,0,0,0,0,0,0
HiC_scaffold_1301,1,8576,0,0,0,0,0,0
HiC_scaffold_1302,1,8562,0,0,0,0,0,0
HiC_scaffold_1303,1,8567,0,0,0,0,0,0
HiC_scaffold_1304,1,8564,0,0,0,0,0,0
HiC_scaffold_1305,1,8554,0,0,0,0,0,0
HiC_scaffold_1306,1,8554,0,0,0,0,0,0
HiC_scaffold_1307,1,14743,0,0,0,0,0,0
HiC_scaffold_1308,1,8534,0,0,0,0,0,0
HiC_scaffold_1309,1,8487,0,0,0,0,0,0
HiC_scaffold_1310,1,8516,0,0,0,0,0,0
HiC_scaffold_1311,1,8492,0,0,0,0,0,0
HiC_scaffold_1312,1,8438,0,0,0,0,0,0
HiC_scaffold_1313,1,8440,0,0,0,0,0,0
HiC_scaffold_1314,1,8479,0,0,0,0,0,0
HiC_scaffold_1315,1,8434,0,0,0,0,0,0
HiC_scaffold_1316,1,8476,0,0,0,0,0,0
HiC_scaffold_1317,1,8410,0,0,0,0,0,0
HiC_scaffold_1319,1,14696,0,0,0,0,0,0
HiC_scaffold_1320,1,8442,0,0,0,0,0,0
HiC_scaffold_1321,1,8461,0,0,0,0,0,0
HiC_scaffold_1322,1,8463,0,0,0,0,0,0
HiC_scaffold_1323,1,8452,0,0,0,0,0,0
HiC_scaffold_1324,1,8450,0,0,0,0,0,0
HiC_scaffold_1325,1,8270,0,0,0,0,0,0
HiC_scaffold_1326,1,8437,0,0,0,0,0,0
HiC_scaffold_1327,1,8436,0,0,0,0,0,0
HiC_scaffold_1328,1,8380,0,0,0,0,0,0
HiC_scaffold_1329,1,8451,0,0,0,0,0,0
HiC_scaffold_1330,1,14659,0,0,0,0,0,0
HiC_scaffold_1331,1,8427,0,0,0,0,0,0
HiC_scaffold_1332,1,8411,0,0,0,0,0,0
HiC_scaffold_1333,1,8387,0,0,0,0,0,0
HiC_scaffold_1334,1,8415,0,0,0,0,0,0
HiC_scaffold_1335,1,8376,0,0,0,0,0,0
HiC_scaffold_1336,1,8281,0,0,0,0,0,0
HiC_scaffold_1337,1,8374,0,0,0,0,0,0
HiC_scaffold_1338,1,8393,0,0,0,0,0,0
HiC_scaffold_1339,1,8388,0,0,0,0,0,0
HiC_scaffold_1340,1,8388,0,0,0,0,0,0
HiC_scaffold_1341,1,14546,0,0,0,0,0,0
HiC_scaffold_1342,1,8276,0,0,0,0,0,0
HiC_scaffold_1343,1,8380,0,0,0,0,0,0
HiC_scaffold_1344,1,8276,0,0,0,0,0,0
HiC_scaffold_1345,1,8358,0,0,0,0,0,0
HiC_scaffold_1346,1,8319,0,0,0,0,0,0
HiC_scaffold_1347,1,8312,0,0,0,0,0,0
HiC_scaffold_1348,1,8320,0,0,0,0,0,0
HiC_scaffold_1349,1,8301,0,0,0,0,0,0
HiC_scaffold_1350,1,8299,0,0,0,0,0,0
HiC_scaffold_1351,1,8206,0,0,0,0,0,0
HiC_scaffold_1352,1,14468,0,0,0,0,0,0
HiC_scaffold_1353,1,8234,0,0,0,0,0,0
HiC_scaffold_1354,1,8267,0,0,0,0,0,0
HiC_scaffold_1355,1,8271,0,0,0,0,0,0
HiC_scaffold_1356,1,8273,0,0,0,0,0,0
HiC_scaffold_1357,1,8267,0,0,0,0,0,0
HiC_scaffold_1358,1,8254,0,0,0,0,0,0
HiC_scaffold_1359,1,8252,0,0,0,0,0,0
HiC_scaffold_1360,1,8247,0,0,0,0,0,0
HiC_scaffold_1362,1,8201,0,0,0,0,0,0
HiC_scaffold_1363,1,14401,0,0,0,0,0,0
HiC_scaffold_1364,1,8186,0,0,0,0,0,0
HiC_scaffold_1365,1,8213,0,0,0,0,0,0
HiC_scaffold_1366,1,8168,0,0,0,0,0,0
HiC_scaffold_1367,1,8155,0,0,0,0,0,0
HiC_scaffold_1368,1,8219,0,0,0,0,0,0
HiC_scaffold_1369,1,8175,0,0,0,0,0,0
HiC_scaffold_1370,1,8180,0,0,0,0,0,0
HiC_scaffold_1371,1,8075,0,0,0,0,0,0
HiC_scaffold_1372,1,8175,0,0,0,0,0,0
HiC_scaffold_1373,1,8172,0,0,0,0,0,0
HiC_scaffold_1374,1,14362,0,0,0,0,0,0
HiC_scaffold_1375,1,8173,0,0,0,0,0,0
HiC_scaffold_1376,1,8157,0,0,0,0,0,0
HiC_scaffold_1377,1,8144,0,0,0,0,0,0
HiC_scaffold_1378,1,8069,0,0,0,0,0,0
HiC_scaffold_1379,1,8138,0,0,0,0,0,0
HiC_scaffold_1380,1,8130,0,0,0,0,0,0
HiC_scaffold_1381,1,8135,0,0,0,0,0,0
HiC_scaffold_1382,1,8130,0,0,0,0,0,0
HiC_scaffold_1383,1,8122,0,0,0,0,0,0
HiC_scaffold_1384,1,8076,0,0,0,0,0,0
HiC_scaffold_1385,1,14361,0,0,0,0,0,0
HiC_scaffold_1386,1,8078,0,0,0,0,0,0
HiC_scaffold_1387,1,8095,0,0,0,0,0,0
HiC_scaffold_1388,1,8099,0,0,0,0,0,0
HiC_scaffold_1389,1,8054,0,0,0,0,0,0
HiC_scaffold_1390,1,8083,0,0,0,0,0,0
HiC_scaffold_1391,1,8061,0,0,0,0,0,0
HiC_scaffold_1392,1,8046,0,0,0,0,0,0
HiC_scaffold_1393,1,8043,0,0,0,0,0,0
HiC_scaffold_1394,1,8031,0,0,0,0,0,0
HiC_scaffold_1395,1,7997,0,0,0,0,0,0
HiC_scaffold_1396,1,14318,0,0,0,0,0,0
HiC_scaffold_1397,1,8030,0,0,0,0,0,0
HiC_scaffold_1398,1,8027,0,0,0,0,0,0
HiC_scaffold_1399,1,8013,0,0,0,0,0,0
HiC_scaffold_1400,1,7990,0,0,0,0,0,0
HiC_scaffold_1401,1,8000,0,0,0,0,0,0
HiC_scaffold_1402,1,7990,0,0,0,0,0,0
HiC_scaffold_1403,1,7987,0,0,0,0,0,0
HiC_scaffold_1404,1,7776,0,0,0,0,0,0
HiC_scaffold_1405,1,7934,0,0,0,0,0,0
HiC_scaffold_1406,1,7953,0,0,0,0,0,0
HiC_scaffold_1407,1,14253,0,0,0,0,0,0
HiC_scaffold_1408,1,7849,0,0,0,0,0,0
HiC_scaffold_1409,1,7978,0,0,0,0,0,0
HiC_scaffold_1410,1,7936,0,0,0,0,0,0
HiC_scaffold_1411,1,7954,0,0,0,0,0,0
HiC_scaffold_1412,1,7945,0,0,0,0,0,0
HiC_scaffold_1413,1,7955,0,0,0,0,0,0
HiC_scaffold_1414,1,7955,0,0,0,0,0,0
HiC_scaffold_1415,1,7903,0,0,0,0,0,0
HiC_scaffold_1416,1,7950,0,0,0,0,0,0
HiC_scaffold_1417,1,7942,0,0,0,0,0,0
HiC_scaffold_1418,1,14267,0,0,0,0,0,0
HiC_scaffold_1419,1,7939,0,0,0,0,0,0
HiC_scaffold_1420,1,7777,0,0,0,0,0,0
HiC_scaffold_1421,1,7913,0,0,0,0,0,0
HiC_scaffold_1422,1,7918,0,0,0,0,0,0
HiC_scaffold_1423,1,7903,0,0,0,0,0,0
HiC_scaffold_1424,1,7893,0,0,0,0,0,0
HiC_scaffold_1425,1,7847,0,0,0,0,0,0
HiC_scaffold_1426,1,7896,0,0,0,0,0,0
HiC_scaffold_1427,1,7822,0,0,0,0,0,0
HiC_scaffold_1428,1,7880,0,0,0,0,0,0
HiC_scaffold_1430,1,14270,0,0,0,0,0,0
HiC_scaffold_1431,1,7875,0,0,0,0,0,0
HiC_scaffold_1432,1,7874,0,0,0,0,0,0
HiC_scaffold_1433,1,7870,0,0,0,0,0,0
HiC_scaffold_1434,1,7725,0,0,0,0,0,0
HiC_scaffold_1435,1,7860,0,0,0,0,0,0
HiC_scaffold_1436,1,7780,0,0,0,0,0,0
HiC_scaffold_1437,1,7853,0,0,0,0,0,0
HiC_scaffold_1438,1,7816,0,0,0,0,0,0
HiC_scaffold_1439,1,7795,0,0,0,0,0,0
HiC_scaffold_1440,1,7821,0,0,0,0,0,0
HiC_scaffold_1441,1,14208,0,0,0,0,0,0
HiC_scaffold_1442,1,7716,0,0,0,0,0,0
HiC_scaffold_1443,1,7806,0,0,0,0,0,0
HiC_scaffold_1444,1,7776,0,0,0,0,0,0
HiC_scaffold_1445,1,7802,0,0,0,0,0,0
HiC_scaffold_1446,1,7793,0,0,0,0,0,0
HiC_scaffold_1447,1,7737,0,0,0,0,0,0
HiC_scaffold_1448,1,7724,0,0,0,0,0,0
HiC_scaffold_1449,1,7776,0,0,0,0,0,0
HiC_scaffold_1450,1,7690,0,0,0,0,0,0
HiC_scaffold_1451,1,7752,0,0,0,0,0,0
HiC_scaffold_1452,1,14237,0,0,0,0,0,0
HiC_scaffold_1453,1,7738,0,0,0,0,0,0
HiC_scaffold_1454,1,7761,0,0,0,0,0,0
HiC_scaffold_1455,1,7742,0,0,0,0,0,0
HiC_scaffold_1456,1,7754,0,0,0,0,0,0
HiC_scaffold_1457,1,7721,0,0,0,0,0,0
HiC_scaffold_1458,1,7653,0,0,0,0,0,0
HiC_scaffold_1459,1,7673,0,0,0,0,0,0
HiC_scaffold_1460,1,7705,0,0,0,0,0,0
HiC_scaffold_1461,1,7709,0,0,0,0,0,0
HiC_scaffold_1462,1,7683,0,0,0,0,0,0
HiC_scaffold_1463,1,14214,0,0,0,0,0,0
HiC_scaffold_1464,1,7684,0,0,0,0,0,0
HiC_scaffold_1465,1,7666,0,0,0,0,0,0
HiC_scaffold_1466,1,7659,0,0,0,0,0,0
HiC_scaffold_1467,1,7657,0,0,0,0,0,0
HiC_scaffold_1468,1,7643,0,0,0,0,0,0
HiC_scaffold_1469,1,7596,0,0,0,0,0,0
HiC_scaffold_1470,1,7654,0,0,0,0,0,0
HiC_scaffold_1471,1,7635,0,0,0,0,0,0
HiC_scaffold_1472,1,7548,0,0,0,0,0,0
HiC_scaffold_1473,1,7632,0,0,0,0,0,0
HiC_scaffold_1474,1,14148,0,0,0,0,0,0
HiC_scaffold_1475,1,7626,0,0,0,0,0,0
HiC_scaffold_1476,1,7632,0,0,0,0,0,0
HiC_scaffold_1477,1,7603,0,0,0,0,0,0
HiC_scaffold_1478,1,7614,0,0,0,0,0,0
HiC_scaffold_1479,1,7591,0,0,0,0,0,0
HiC_scaffold_1480,1,7509,0,0,0,0,0,0
HiC_scaffold_1481,1,7399,0,0,0,0,0,0
HiC_scaffold_1482,1,7591,0,0,0,0,0,0
HiC_scaffold_1483,1,7593,0,0,0,0,0,0
HiC_scaffold_1484,1,7585,0,0,0,0,0,0
HiC_scaffold_1485,1,14127,0,0,0,0,0,0
HiC_scaffold_1486,1,7562,0,0,0,0,0,0
HiC_scaffold_1487,1,7593,0,0,0,0,0,0
HiC_scaffold_1488,1,7586,0,0,0,0,0,0
HiC_scaffold_1489,1,7581,0,0,0,0,0,0
HiC_scaffold_1490,1,7568,0,0,0,0,0,0
HiC_scaffold_1491,1,7549,0,0,0,0,0,0
HiC_scaffold_1492,1,7548,0,0,0,0,0,0
HiC_scaffold_1493,1,7537,0,0,0,0,0,0
HiC_scaffold_1494,1,7550,0,0,0,0,0,0
HiC_scaffold_1495,1,7548,0,0,0,0,0,0
HiC_scaffold_1496,1,14045,0,0,0,0,0,0
HiC_scaffold_1497,1,7424,0,0,0,0,0,0
HiC_scaffold_1498,1,7528,0,0,0,0,0,0
HiC_scaffold_1499,1,7530,0,0,0,0,0,0
HiC_scaffold_1500,1,7278,0,0,0,0,0,0
HiC_scaffold_1501,1,7523,0,0,0,0,0,0
HiC_scaffold_1502,1,7522,0,0,0,0,0,0
HiC_scaffold_1503,1,7521,0,0,0,0,0,0
HiC_scaffold_1504,1,7469,0,0,0,0,0,0
HiC_scaffold_1505,1,7444,0,0,0,0,0,0
HiC_scaffold_1506,1,7504,0,0,0,0,0,0
HiC_scaffold_1507,1,14105,0,0,0,0,0,0
HiC_scaffold_1508,1,7505,0,0,0,0,0,0
HiC_scaffold_1509,1,7498,0,0,0,0,0,0
HiC_scaffold_1510,1,7478,0,0,0,0,0,0
HiC_scaffold_1511,1,7475,0,0,0,0,0,0
HiC_scaffold_1512,1,7490,0,0,0,0,0,0
HiC_scaffold_1513,1,7467,0,0,0,0,0,0
HiC_scaffold_1514,1,7451,0,0,0,0,0,0
HiC_scaffold_1515,1,7490,0,0,0,0,0,0
HiC_scaffold_1516,1,7480,0,0,0,0,0,0
HiC_scaffold_1517,1,7482,0,0,0,0,0,0
HiC_scaffold_1518,1,14063,0,0,0,0,0,0
HiC_scaffold_1519,1,7460,0,0,0,0,0,0
HiC_scaffold_1520,1,7440,0,0,0,0,0,0
HiC_scaffold_1521,1,7294,0,0,0,0,0,0
HiC_scaffold_1522,1,7461,0,0,0,0,0,0
HiC_scaffold_1523,1,7438,0,0,0,0,0,0
HiC_scaffold_1524,1,7429,0,0,0,0,0,0
HiC_scaffold_1525,1,7396,0,0,0,0,0,0
HiC_scaffold_1526,1,7417,0,0,0,0,0,0
HiC_scaffold_1527,1,7423,0,0,0,0,0,0
HiC_scaffold_1528,1,7394,0,0,0,0,0,0
HiC_scaffold_1529,1,14032,0,0,0,0,0,0
HiC_scaffold_1530,1,7407,0,0,0,0,0,0
HiC_scaffold_1531,1,7398,0,0,0,0,0,0
HiC_scaffold_1532,1,7402,0,0,0,0,0,0
HiC_scaffold_1533,1,7326,0,0,0,0,0,0
HiC_scaffold_1534,1,7394,0,0,0,0,0,0
HiC_scaffold_1535,1,7417,0,0,0,0,0,0
HiC_scaffold_1536,1,7401,0,0,0,0,0,0
HiC_scaffold_1537,1,7405,0,0,0,0,0,0
HiC_scaffold_1538,1,7336,0,0,0,0,0,0
HiC_scaffold_1539,1,7291,0,0,0,0,0,0
HiC_scaffold_1541,1,14004,0,0,0,0,0,0
HiC_scaffold_1542,1,7375,0,0,0,0,0,0
HiC_scaffold_1543,1,7390,0,0,0,0,0,0
HiC_scaffold_1544,1,7360,0,0,0,0,0,0
HiC_scaffold_1545,1,7378,0,0,0,0,0,0
HiC_scaffold_1546,1,7371,0,0,0,0,0,0
HiC_scaffold_1547,1,7340,0,0,0,0,0,0
HiC_scaffold_1548,1,7322,0,0,0,0,0,0
HiC_scaffold_1549,1,7361,0,0,0,0,0,0
HiC_scaffold_1550,1,7061,0,0,0,0,0,0
HiC_scaffold_1551,1,7330,0,0,0,0,0,0
HiC_scaffold_1552,1,13931,0,0,0,0,0,0
HiC_scaffold_1553,1,7334,0,0,0,0,0,0
HiC_scaffold_1554,1,7337,0,0,0,0,0,0
HiC_scaffold_1555,1,7334,0,0,0,0,0,0
HiC_scaffold_1556,1,7295,0,0,0,0,0,0
HiC_scaffold_1557,1,7296,0,0,0,0,0,0
HiC_scaffold_1558,1,7308,0,0,0,0,0,0
HiC_scaffold_1559,1,7257,0,0,0,0,0,0
HiC_scaffold_1560,1,7065,0,0,0,0,0,0
HiC_scaffold_1561,1,7069,0,0,0,0,0,0
HiC_scaffold_1562,1,7282,0,0,0,0,0,0
HiC_scaffold_1563,1,14018,0,0,0,0,0,0
HiC_scaffold_1564,1,7282,0,0,0,0,0,0
HiC_scaffold_1565,1,7272,0,0,0,0,0,0
HiC_scaffold_1566,1,7273,0,0,0,0,0,0
HiC_scaffold_1567,1,7166,0,0,0,0,0,0
HiC_scaffold_1568,1,7262,0,0,0,0,0,0
HiC_scaffold_1569,1,7252,0,0,0,0,0,0
HiC_scaffold_1570,1,7232,0,0,0,0,0,0
HiC_scaffold_1571,1,6952,0,0,0,0,0,0
HiC_scaffold_1572,1,7237,0,0,0,0,0,0
HiC_scaffold_1573,1,7235,0,0,0,0,0,0
HiC_scaffold_1574,1,13972,0,0,0,0,0,0
HiC_scaffold_1575,1,7200,0,0,0,0,0,0
HiC_scaffold_1576,1,7224,0,0,0,0,0,0
HiC_scaffold_1577,1,7214,0,0,0,0,0,0
HiC_scaffold_1578,1,7220,0,0,0,0,0,0
HiC_scaffold_1579,1,7182,0,0,0,0,0,0
HiC_scaffold_1580,1,7203,0,0,0,0,0,0
HiC_scaffold_1581,1,7223,0,0,0,0,0,0
HiC_scaffold_1582,1,7211,0,0,0,0,0,0
HiC_scaffold_1583,1,7213,0,0,0,0,0,0
HiC_scaffold_1584,1,7220,0,0,0,0,0,0
HiC_scaffold_1585,1,13899,0,0,0,0,0,0
HiC_scaffold_1586,1,7196,0,0,0,0,0,0
HiC_scaffold_1587,1,7204,0,0,0,0,0,0
HiC_scaffold_1588,1,7224,0,0,0,0,0,0
HiC_scaffold_1589,1,7193,0,0,0,0,0,0
HiC_scaffold_1590,1,7192,0,0,0,0,0,0
HiC_scaffold_1591,1,7181,0,0,0,0,0,0
HiC_scaffold_1592,1,7162,0,0,0,0,0,0
HiC_scaffold_1593,1,7181,0,0,0,0,0,0
HiC_scaffold_1594,1,7177,0,0,0,0,0,0
HiC_scaffold_1595,1,7033,0,0,0,0,0,0
HiC_scaffold_1596,1,13947,0,0,0,0,0,0
HiC_scaffold_1597,1,7171,0,0,0,0,0,0
HiC_scaffold_1598,1,7171,0,0,0,0,0,0
HiC_scaffold_1599,1,7161,0,0,0,0,0,0
HiC_scaffold_1600,1,7168,0,0,0,0,0,0
HiC_scaffold_1601,1,7107,0,0,0,0,0,0
HiC_scaffold_1602,1,7152,0,0,0,0,0,0
HiC_scaffold_1603,1,7052,0,0,0,0,0,0
HiC_scaffold_1604,1,7136,0,0,0,0,0,0
HiC_scaffold_1605,1,7139,0,0,0,0,0,0
HiC_scaffold_1606,1,7142,0,0,0,0,0,0
HiC_scaffold_1607,1,13923,0,0,0,0,0,0
HiC_scaffold_1608,1,7134,0,0,0,0,0,0
HiC_scaffold_1609,1,7137,0,0,0,0,0,0
HiC_scaffold_1610,1,6888,0,0,0,0,0,0
HiC_scaffold_1611,1,6984,0,0,0,0,0,0
HiC_scaffold_1612,1,7116,0,0,0,0,0,0
HiC_scaffold_1613,1,7008,0,0,0,0,0,0
HiC_scaffold_1614,1,7101,0,0,0,0,0,0
HiC_scaffold_1615,1,7102,0,0,0,0,0,0
HiC_scaffold_1616,1,7095,0,0,0,0,0,0
HiC_scaffold_1617,1,7081,0,0,0,0,0,0
HiC_scaffold_1618,1,13845,0,0,0,0,0,0
HiC_scaffold_1619,1,6974,0,0,0,0,0,0
HiC_scaffold_1620,1,7064,0,0,0,0,0,0
HiC_scaffold_1621,1,7087,0,0,0,0,0,0
HiC_scaffold_1622,1,7047,0,0,0,0,0,0
HiC_scaffold_1623,1,7038,0,0,0,0,0,0
HiC_scaffold_1624,1,6963,0,0,0,0,0,0
HiC_scaffold_1625,1,7031,0,0,0,0,0,0
HiC_scaffold_1626,1,7036,0,0,0,0,0,0
HiC_scaffold_1627,1,7039,0,0,0,0,0,0
HiC_scaffold_1628,1,7016,0,0,0,0,0,0
HiC_scaffold_1629,1,13822,0,0,0,0,0,0
HiC_scaffold_1630,1,6988,0,0,0,0,0,0
HiC_scaffold_1631,1,7020,0,0,0,0,0,0
HiC_scaffold_1632,1,7034,0,0,0,0,0,0
HiC_scaffold_1633,1,7027,0,0,0,0,0,0
HiC_scaffold_1634,1,7027,0,0,0,0,0,0
HiC_scaffold_1635,1,7025,0,0,0,0,0,0
HiC_scaffold_1636,1,7019,0,0,0,0,0,0
HiC_scaffold_1637,1,7022,0,0,0,0,0,0
HiC_scaffold_1638,1,7015,0,0,0,0,0,0
HiC_scaffold_1639,1,6991,0,0,0,0,0,0
HiC_scaffold_1640,1,13773,0,0,0,0,0,0
HiC_scaffold_1641,1,6924,0,0,0,0,0,0
HiC_scaffold_1642,1,6919,0,0,0,0,0,0
HiC_scaffold_1643,1,6997,0,0,0,0,0,0
HiC_scaffold_1644,1,6989,0,0,0,0,0,0
HiC_scaffold_1645,1,6988,0,0,0,0,0,0
HiC_scaffold_1646,1,6955,0,0,0,0,0,0
HiC_scaffold_1647,1,6921,0,0,0,0,0,0
HiC_scaffold_1648,1,6986,0,0,0,0,0,0
HiC_scaffold_1649,1,6973,0,0,0,0,0,0
HiC_scaffold_1650,1,6965,0,0,0,0,0,0
HiC_scaffold_1652,1,13741,0,0,0,0,0,0
HiC_scaffold_1653,1,6975,0,0,0,0,0,0
HiC_scaffold_1654,1,6900,0,0,0,0,0,0
HiC_scaffold_1655,1,6931,0,0,0,0,0,0
HiC_scaffold_1656,1,6920,0,0,0,0,0,0
HiC_scaffold_1657,1,6652,0,0,0,0,0,0
HiC_scaffold_1658,1,6915,0,0,0,0,0,0
HiC_scaffold_1659,1,6943,0,0,0,0,0,0
HiC_scaffold_1660,1,6931,0,0,0,0,0,0
HiC_scaffold_1661,1,6896,0,0,0,0,0,0
HiC_scaffold_1662,1,6929,0,0,0,0,0,0
HiC_scaffold_1663,1,13714,0,0,0,0,0,0
HiC_scaffold_1664,1,6840,0,0,0,0,0,0
HiC_scaffold_1665,1,6848,0,0,0,0,0,0
HiC_scaffold_1666,1,6931,0,0,0,0,0,0
HiC_scaffold_1667,1,6912,0,0,0,0,0,0
HiC_scaffold_1668,1,6671,0,0,0,0,0,0
HiC_scaffold_1669,1,6922,0,0,0,0,0,0
HiC_scaffold_1670,1,6870,0,0,0,0,0,0
HiC_scaffold_1671,1,6880,0,0,0,0,0,0
HiC_scaffold_1672,1,6899,0,0,0,0,0,0
HiC_scaffold_1673,1,6891,0,0,0,0,0,0
HiC_scaffold_1674,1,13775,0,0,0,0,0,0
HiC_scaffold_1675,1,6901,0,0,0,0,0,0
HiC_scaffold_1676,1,6881,0,0,0,0,0,0
HiC_scaffold_1677,1,6837,0,0,0,0,0,0
HiC_scaffold_1678,1,6826,0,0,0,0,0,0
HiC_scaffold_1679,1,6882,0,0,0,0,0,0
HiC_scaffold_1680,1,6882,0,0,0,0,0,0
HiC_scaffold_1681,1,6842,0,0,0,0,0,0
HiC_scaffold_1682,1,6858,0,0,0,0,0,0
HiC_scaffold_1683,1,6857,0,0,0,0,0,0
HiC_scaffold_1684,1,6855,0,0,0,0,0,0
HiC_scaffold_1685,1,13596,0,0,0,0,0,0
HiC_scaffold_1686,1,6844,0,0,0,0,0,0
HiC_scaffold_1687,1,6800,0,0,0,0,0,0
HiC_scaffold_1688,1,6841,0,0,0,0,0,0
HiC_scaffold_1689,1,6823,0,0,0,0,0,0
HiC_scaffold_1690,1,6736,0,0,0,0,0,0
HiC_scaffold_1691,1,6827,0,0,0,0,0,0
HiC_scaffold_1692,1,6821,0,0,0,0,0,0
HiC_scaffold_1693,1,6805,0,0,0,0,0,0
HiC_scaffold_1694,1,6787,0,0,0,0,0,0
HiC_scaffold_1695,1,6759,0,0,0,0,0,0
HiC_scaffold_1696,1,13695,0,0,0,0,0,0
HiC_scaffold_1697,1,6800,0,0,0,0,0,0
HiC_scaffold_1698,1,6760,0,0,0,0,0,0
HiC_scaffold_1699,1,6787,0,0,0,0,0,0
HiC_scaffold_1700,1,6786,0,0,0,0,0,0
HiC_scaffold_1701,1,6761,0,0,0,0,0,0
HiC_scaffold_1702,1,6768,0,0,0,0,0,0
HiC_scaffold_1703,1,6764,0,0,0,0,0,0
HiC_scaffold_1704,1,6759,0,0,0,0,0,0
HiC_scaffold_1705,1,6748,0,0,0,0,0,0
HiC_scaffold_1706,1,6660,0,0,0,0,0,0
HiC_scaffold_1707,1,13646,0,0,0,0,0,0
HiC_scaffold_1708,1,6643,0,0,0,0,0,0
HiC_scaffold_1709,1,6593,0,0,0,0,0,0
HiC_scaffold_1710,1,6715,0,0,0,0,0,0
HiC_scaffold_1711,1,6764,0,0,0,0,0,0
HiC_scaffold_1712,1,6750,0,0,0,0,0,0
HiC_scaffold_1713,1,6756,0,0,0,0,0,0
HiC_scaffold_1714,1,6721,0,0,0,0,0,0
HiC_scaffold_1715,1,6672,0,0,0,0,0,0
HiC_scaffold_1716,1,6485,0,0,0,0,0,0
HiC_scaffold_1717,1,6729,0,0,0,0,0,0
HiC_scaffold_1718,1,13657,0,0,0,0,0,0
HiC_scaffold_1719,1,6695,0,0,0,0,0,0
HiC_scaffold_1720,1,6729,0,0,0,0,0,0
HiC_scaffold_1721,1,6722,0,0,0,0,0,0
HiC_scaffold_1722,1,6671,0,0,0,0,0,0
HiC_scaffold_1723,1,6658,0,0,0,0,0,0
HiC_scaffold_1724,1,6698,0,0,0,0,0,0
HiC_scaffold_1725,1,6714,0,0,0,0,0,0
HiC_scaffold_1726,1,6604,0,0,0,0,0,0
HiC_scaffold_1727,1,6707,0,0,0,0,0,0
HiC_scaffold_1728,1,6688,0,0,0,0,0,0
HiC_scaffold_1729,1,13538,0,0,0,0,0,0
HiC_scaffold_1730,1,6588,0,0,0,0,0,0
HiC_scaffold_1731,1,6695,0,0,0,0,0,0
HiC_scaffold_1732,1,6661,0,0,0,0,0,0
HiC_scaffold_1733,1,6666,0,0,0,0,0,0
HiC_scaffold_1734,1,6657,0,0,0,0,0,0
HiC_scaffold_1735,1,6679,0,0,0,0,0,0
HiC_scaffold_1736,1,6681,0,0,0,0,0,0
HiC_scaffold_1737,1,6533,0,0,0,0,0,0
HiC_scaffold_1738,1,6666,0,0,0,0,0,0
HiC_scaffold_1739,1,6627,0,0,0,0,0,0
HiC_scaffold_1740,1,13269,0,0,0,0,0,0
HiC_scaffold_1741,1,6665,0,0,0,0,0,0
HiC_scaffold_1742,1,6618,0,0,0,0,0,0
HiC_scaffold_1743,1,6656,0,0,0,0,0,0
HiC_scaffold_1744,1,6623,0,0,0,0,0,0
HiC_scaffold_1745,1,6638,0,0,0,0,0,0
HiC_scaffold_1746,1,6652,0,0,0,0,0,0
HiC_scaffold_1747,1,6492,0,0,0,0,0,0
HiC_scaffold_1748,1,6647,0,0,0,0,0,0
HiC_scaffold_1749,1,6656,0,0,0,0,0,0
HiC_scaffold_1750,1,6642,0,0,0,0,0,0
HiC_scaffold_1751,1,13574,0,0,0,0,0,0
HiC_scaffold_1752,1,6642,0,0,0,0,0,0
HiC_scaffold_1753,1,6637,0,0,0,0,0,0
HiC_scaffold_1754,1,6639,0,0,0,0,0,0
HiC_scaffold_1755,1,6639,0,0,0,0,0,0
HiC_scaffold_1756,1,6554,0,0,0,0,0,0
HiC_scaffold_1757,1,6629,0,0,0,0,0,0
HiC_scaffold_1758,1,6590,0,0,0,0,0,0
HiC_scaffold_1759,1,6573,0,0,0,0,0,0
HiC_scaffold_1760,1,6581,0,0,0,0,0,0
HiC_scaffold_1761,1,6574,0,0,0,0,0,0
HiC_scaffold_1763,1,13569,0,0,0,0,0,0
HiC_scaffold_1764,1,6575,0,0,0,0,0,0
HiC_scaffold_1765,1,6575,0,0,0,0,0,0
HiC_scaffold_1766,1,6572,0,0,0,0,0,0
HiC_scaffold_1767,1,6487,0,0,0,0,0,0
HiC_scaffold_1768,1,6519,0,0,0,0,0,0
HiC_scaffold_1769,1,6539,0,0,0,0,0,0
HiC_scaffold_1770,1,6552,0,0,0,0,0,0
HiC_scaffold_1771,1,6553,0,0,0,0,0,0
HiC_scaffold_1772,1,6536,0,0,0,0,0,0
HiC_scaffold_1773,1,6541,0,0,0,0,0,0
HiC_scaffold_1774,1,13506,0,0,0,0,0,0
HiC_scaffold_1775,1,6537,0,0,0,0,0,0
HiC_scaffold_1776,1,6519,0,0,0,0,0,0
HiC_scaffold_1777,1,6532,0,0,0,0,0,0
HiC_scaffold_1778,1,6521,0,0,0,0,0,0
HiC_scaffold_1779,1,6527,0,0,0,0,0,0
HiC_scaffold_1780,1,6477,0,0,0,0,0,0
HiC_scaffold_1781,1,6507,0,0,0,0,0,0
HiC_scaffold_1782,1,6459,0,0,0,0,0,0
HiC_scaffold_1783,1,6459,0,0,0,0,0,0
HiC_scaffold_1784,1,6509,0,0,0,0,0,0
HiC_scaffold_1785,1,13510,0,0,0,0,0,0
HiC_scaffold_1786,1,6482,0,0,0,0,0,0
HiC_scaffold_1787,1,6460,0,0,0,0,0,0
HiC_scaffold_1788,1,6383,0,0,0,0,0,0
HiC_scaffold_1789,1,6378,0,0,0,0,0,0
HiC_scaffold_1790,1,6499,0,0,0,0,0,0
HiC_scaffold_1791,1,6491,0,0,0,0,0,0
HiC_scaffold_1792,1,6406,0,0,0,0,0,0
HiC_scaffold_1793,1,6492,0,0,0,0,0,0
HiC_scaffold_1794,1,6446,0,0,0,0,0,0
HiC_scaffold_1795,1,6421,0,0,0,0,0,0
HiC_scaffold_1796,1,13505,0,0,0,0,0,0
HiC_scaffold_1797,1,6476,0,0,0,0,0,0
HiC_scaffold_1798,1,6481,0,0,0,0,0,0
HiC_scaffold_1799,1,6434,0,0,0,0,0,0
HiC_scaffold_1800,1,6482,0,0,0,0,0,0
HiC_scaffold_1801,1,6427,0,0,0,0,0,0
HiC_scaffold_1802,1,6473,0,0,0,0,0,0
HiC_scaffold_1803,1,6488,0,0,0,0,0,0
HiC_scaffold_1804,1,6476,0,0,0,0,0,0
HiC_scaffold_1805,1,6476,0,0,0,0,0,0
HiC_scaffold_1806,1,6444,0,0,0,0,0,0
HiC_scaffold_1807,1,13482,0,0,0,0,0,0
HiC_scaffold_1808,1,6455,0,0,0,0,0,0
HiC_scaffold_1809,1,6453,0,0,0,0,0,0
HiC_scaffold_1810,1,6460,0,0,0,0,0,0
HiC_scaffold_1811,1,6461,0,0,0,0,0,0
HiC_scaffold_1812,1,6458,0,0,0,0,0,0
HiC_scaffold_1813,1,6414,0,0,0,0,0,0
HiC_scaffold_1814,1,6445,0,0,0,0,0,0
HiC_scaffold_1815,1,6435,0,0,0,0,0,0
HiC_scaffold_1816,1,6352,0,0,0,0,0,0
HiC_scaffold_1817,1,6422,0,0,0,0,0,0
HiC_scaffold_1818,1,13366,0,0,0,0,0,0
HiC_scaffold_1819,1,6432,0,0,0,0,0,0
HiC_scaffold_1820,1,6438,0,0,0,0,0,0
HiC_scaffold_1821,1,6437,0,0,0,0,0,0
HiC_scaffold_1822,1,6389,0,0,0,0,0,0
HiC_scaffold_1823,1,6399,0,0,0,0,0,0
HiC_scaffold_1824,1,6376,0,0,0,0,0,0
HiC_scaffold_1825,1,6408,0,0,0,0,0,0
HiC_scaffold_1826,1,6408,0,0,0,0,0,0
HiC_scaffold_1827,1,6389,0,0,0,0,0,0
HiC_scaffold_1828,1,6317,0,0,0,0,0,0
HiC_scaffold_1829,1,13421,0,0,0,0,0,0
HiC_scaffold_1830,1,6401,0,0,0,0,0,0
HiC_scaffold_1831,1,6399,0,0,0,0,0,0
HiC_scaffold_1832,1,6365,0,0,0,0,0,0
HiC_scaffold_1833,1,6398,0,0,0,0,0,0
HiC_scaffold_1834,1,6337,0,0,0,0,0,0
HiC_scaffold_1835,1,6344,0,0,0,0,0,0
HiC_scaffold_1836,1,6351,0,0,0,0,0,0
HiC_scaffold_1837,1,6375,0,0,0,0,0,0
HiC_scaffold_1838,1,6151,0,0,0,0,0,0
HiC_scaffold_1839,1,6367,0,0,0,0,0,0
HiC_scaffold_1840,1,13401,0,0,0,0,0,0
HiC_scaffold_1841,1,6359,0,0,0,0,0,0
HiC_scaffold_1842,1,6292,0,0,0,0,0,0
HiC_scaffold_1843,1,6358,0,0,0,0,0,0
HiC_scaffold_1844,1,6354,0,0,0,0,0,0
HiC_scaffold_1845,1,6158,0,0,0,0,0,0
HiC_scaffold_1846,1,6329,0,0,0,0,0,0
HiC_scaffold_1847,1,6291,0,0,0,0,0,0
HiC_scaffold_1848,1,6339,0,0,0,0,0,0
HiC_scaffold_1849,1,6240,0,0,0,0,0,0
HiC_scaffold_1850,1,6296,0,0,0,0,0,0
HiC_scaffold_1851,1,13405,0,0,0,0,0,0
HiC_scaffold_1852,1,6327,0,0,0,0,0,0
HiC_scaffold_1853,1,6319,0,0,0,0,0,0
HiC_scaffold_1854,1,6278,0,0,0,0,0,0
HiC_scaffold_1855,1,6307,0,0,0,0,0,0
HiC_scaffold_1856,1,6256,0,0,0,0,0,0
HiC_scaffold_1857,1,6254,0,0,0,0,0,0
HiC_scaffold_1858,1,6265,0,0,0,0,0,0
HiC_scaffold_1859,1,6247,0,0,0,0,0,0
HiC_scaffold_1860,1,6213,0,0,0,0,0,0
HiC_scaffold_1861,1,6289,0,0,0,0,0,0
HiC_scaffold_1862,1,13401,0,0,0,0,0,0
HiC_scaffold_1863,1,6292,0,0,0,0,0,0
HiC_scaffold_1864,1,6291,0,0,0,0,0,0
HiC_scaffold_1865,1,6284,0,0,0,0,0,0
HiC_scaffold_1866,1,6282,0,0,0,0,0,0
HiC_scaffold_1867,1,6075,0,0,0,0,0,0
HiC_scaffold_1868,1,6213,0,0,0,0,0,0
HiC_scaffold_1869,1,6276,0,0,0,0,0,0
HiC_scaffold_1870,1,6276,0,0,0,0,0,0
HiC_scaffold_1871,1,6272,0,0,0,0,0,0
HiC_scaffold_1872,1,6259,0,0,0,0,0,0